页面URL,页面分类,页面标题,HTTP状态,错误信息,页面字节数
https://dibj.cn/fzpt/xwzx/28378ca89ea9474db172e85cb92e8050.html,新闻资讯,,,HTTPError: HTTP Error 404: Not Found,0
https://dibj.cn/fzpt/xwzx/28378ca89ea9474db172e85cb92e8050/71a7f4d07ed044a28f983396bf38e19a.docx,新闻资讯,,,HTTPError: HTTP Error 404: Not Found,0
https://dibj.cn/fzpt/xwzx/28378ca89ea9474db172e85cb92e8050/e90b0ac6ee5f44c7b3fe09da77dd964b.docx,新闻资讯,,,HTTPError: HTTP Error 404: Not Found,0
https://dibj.cn/fzpt/xwzx/39701b2ef2d749cc8c410d8dca27d298.html,新闻资讯,,,HTTPError: HTTP Error 404: Not Found,0
https://dibj.cn/fzpt/xwzx/8238108a6c2d40939e78bc11487c2959.html,新闻资讯,,,HTTPError: HTTP Error 404: Not Found,0
https://dibj.cn/fzpt/xwzx/lbt/0b5c8da445e3452c843e5955db212f37.html,新闻资讯,,,HTTPError: HTTP Error 404: Not Found,0
https://dibj.cn/fzpt/xwzx/lbt/851a60b0901e4e428ee575d7ea5208e6.html,新闻资讯,,,HTTPError: HTTP Error 404: Not Found,0
https://dibj.cn/fzpt/xwzx/lbt/ea6c5a76547d4867b896bd3dd31b661f.html,新闻资讯,,,HTTPError: HTTP Error 404: Not Found,0
https://dibj.cn/ssfwww/hdyg/04a5f231b0094ba980f9762d443fc4bd.html,走进创新中心,,,HTTPError: HTTP Error 404: Not Found,0
