序号,接口表名,数据类别,id,biz_unique_id,catalog_id,catalog_name,component_name,provider,component_desc,component_version,process_type,create_time,update_time,data_time,del_status,valid_status,visit_count,favorited,deploy_url,来源接口
1,COMPONENT_RESOURCE,创新服务-组件资源,177,1518,"2,600,604,","数据开发与服务,",应用管理组件,清雁科技（北京）有限公司,"应用管理组件将数据分析与计算能力封装为可分发应用，运行于隔离沙箱并与数据权限精细绑定，实现""数据不动、价值流动""。",2.0.0,2,2026-08-09 02:01:13,2026-09-02 17:55:58,2026-08-07 14:38:18,0,0,17,false,,https://dibj.cn/portal/api/common/calling/page?tableCode=COMPONENT_RESOURCE
2,COMPONENT_RESOURCE,创新服务-组件资源,178,1517,"2,600,604,","数据开发与服务,",交付管理组件,清雁科技（北京）有限公司,"交付管理组件是""可信交付执行器""，支持沙箱、应用、直接三种交付模式，确保原始数据在零信任沙箱内按合约使用、不落地不外传。",2.0.0,2,2026-08-09 02:01:13,2026-09-02 09:25:48,2026-08-07 14:37:58,0,0,6,false,,https://dibj.cn/portal/api/common/calling/page?tableCode=COMPONENT_RESOURCE
3,COMPONENT_RESOURCE,创新服务-组件资源,179,1516,"2,600,604,","数据开发与服务,",数据产品市场组件,清雁科技（北京）有限公司,"数据产品市场组件是面向流通的""交易前台""，提供产品检索、组合筛选与在线签约能力，签约即触发""合约—协商—交付""的可信闭环。",2.0.0,2,2026-08-09 02:01:13,2026-08-24 23:09:28,2026-08-07 14:37:36,0,0,6,false,,https://dibj.cn/portal/api/common/calling/page?tableCode=COMPONENT_RESOURCE
4,COMPONENT_RESOURCE,创新服务-组件资源,180,1515,"2,900,902,","网络安全,",三六零云探安全监测系统,三六零数字安全科技集团有限公司,360云探是一款面向党政军、金融、教育和互联网用户的网站应用安全监测服务产品，依赖于360安全大脑，以及360在搜索、终端安全、网站安全等方面积累的数亿用户群和海量数据，可有效监测网站的异常，持续挖掘网站风险，充分预警各类网站安全事件，为用户提供网站漏洞扫描、网页篡改监测、网页挂马监测、黑词/暗链监测、可用性监测、仿冒/钓鱼网站监测、未知资产监测等安全云监测服务。,2.0.0,2,2026-08-09 02:01:13,2026-09-02 20:01:50,2026-08-07 14:37:11,0,0,3,false,,https://dibj.cn/portal/api/common/calling/page?tableCode=COMPONENT_RESOURCE
5,COMPONENT_RESOURCE,创新服务-组件资源,172,1514,"2,1200,1203,","办公协同,",元粟集团化管控系统,北京利物融通信息技术有限公司,元粟集团化管控系统实现全级次穿透式监管，将各类投资纳入统一战略框架。通过刚性规则嵌入与AI实时预警，实现指令无损传导与风险前置识别。构建统一数据中台与决策驾驶舱，支撑跨组织资源优化与科学战略决策。,6.0.0,2,2026-08-02 02:01:14,2026-09-02 20:01:55,2026-07-31 14:49:54,0,0,5,false,,https://dibj.cn/portal/api/common/calling/page?tableCode=COMPONENT_RESOURCE
6,COMPONENT_RESOURCE,创新服务-组件资源,173,1513,"2,1200,1203,","办公协同,",元粟产业基金管理系统,北京利物融通信息技术有限公司,元粟产业基金管理系统打通资本与产业壁垒，建立产业链资源库与协同台账，量化战略价值。支持多元资产统一台账与风控，消除数据孤岛，实现全域资产“一张图”管控，适配多层级集团架构，保障统筹与灵活并重。,6.0.0,2,2026-08-02 02:01:14,2026-09-02 03:52:59,2026-07-31 14:49:30,0,0,3,false,,https://dibj.cn/portal/api/common/calling/page?tableCode=COMPONENT_RESOURCE
7,COMPONENT_RESOURCE,创新服务-组件资源,174,1512,"2,600,604,","数据开发与服务,",需求管理组件,清雁科技（北京）有限公司,需求管理组件打通供需两端，支持需求发布、全业务节点检索与结构化匹配，让数据需求方快速发现并对接合适的提供方，显著缩短缔约链路。,2.0.0,2,2026-08-02 02:01:16,2026-08-22 13:55:46,2026-07-31 14:49:05,0,0,11,false,,https://dibj.cn/portal/api/common/calling/page?tableCode=COMPONENT_RESOURCE
8,COMPONENT_RESOURCE,创新服务-组件资源,175,1511,"2,600,604,","数据开发与服务,",数据目录组件,清雁科技（北京）有限公司,"数据目录组件是连接器的""数据资产入口""，负责本地多源异构数据的挂载、组织与登记，并通过分类分级标签实现规范化治理，是数据从""自有""走向""可信流通""的第一步。",2.0.0,2,2026-08-02 02:01:16,2026-09-02 16:20:55,2026-07-31 14:48:39,0,0,15,false,,https://dibj.cn/portal/api/common/calling/page?tableCode=COMPONENT_RESOURCE
9,COMPONENT_RESOURCE,创新服务-组件资源,176,1510,"2,600,604,","数据开发与服务,",合约管理组件,清雁科技（北京）有限公司,"合约管理组件是数据流通的""契约中枢""，承载合约的查看、协商、终止与备案，并以可配置策略硬性约束数据的交付与使用边界。",2.0.0,2,2026-08-02 02:01:16,2026-09-02 16:57:38,2026-07-31 14:48:20,0,0,3,false,,https://dibj.cn/portal/api/common/calling/page?tableCode=COMPONENT_RESOURCE
10,COMPONENT_RESOURCE,创新服务-组件资源,167,1509,"2,1200,1203,","办公协同,",元粟股权投资管理系统,北京利物融通信息技术有限公司,元粟股权投资管理系统聚焦“募投管退”全生命周期标准化，以项目和基金为核心，实现流程线上化与数据资产化。系统内置AI与合规引擎，支持尽调底稿自动生成、协议风险识别及中基协备案直连，确保业务高效合规运行。,6.0.0,2,2026-07-25 02:01:12,2026-09-02 02:46:12,2026-07-23 17:57:43,0,0,7,false,,https://dibj.cn/portal/api/common/calling/page?tableCode=COMPONENT_RESOURCE
11,COMPONENT_RESOURCE,创新服务-组件资源,168,1508,"2,1200,1203,","办公协同,",元粟引导基金管理系统,北京利物融通信息技术有限公司,元粟引导基金管理系统专为政府出资设计，内置政策规则引擎，将产业目录、返投比例等转化为系统逻辑。通过自动筛查准入、监控资金流向及量化产业引导目标，实现财政合规与主动治理，支持长周期存续与投早投小专项考核。,6.0.0,2,2026-07-25 02:01:12,2026-09-01 16:23:09,2026-07-23 17:57:22,0,0,2,false,,https://dibj.cn/portal/api/common/calling/page?tableCode=COMPONENT_RESOURCE
12,COMPONENT_RESOURCE,创新服务-组件资源,169,1507,"2,900,902,","网络安全,",360日志收集与分析系统,三六零数字安全科技集团有限公司,360日志收集与分析系统是一款配置简单、开箱即用的安全日志审计产品，软硬一体化部署，借助于360核心安全大脑，提供多源日志采集、标准化数据处理、合规存储、多维关联分析等功能，能够帮助客户快速实现各类安全设施日志数据集中管理分析以及合规审计，满足网络安全法对于日志留存的要求；并结合监测仪表、威胁场景分析、溯源取证、审计报表等功能应用，帮助用户提升安全工作效率。,2.0.0,2,2026-07-25 02:01:14,2026-08-18 08:46:12,2026-07-23 17:56:51,0,0,1,false,,https://dibj.cn/portal/api/common/calling/page?tableCode=COMPONENT_RESOURCE
13,COMPONENT_RESOURCE,创新服务-组件资源,170,1506,"2,900,902,","网络安全,",三六零磐云安全防护系统,三六零数字安全科技集团有限公司,三六零磐云安全防护系统为用户网站提供SaaS化云端网站安全防护服务。360磐云Web应用安全云防护系统为网站提供反向代理替身防护，隐藏了后端网站。网站云环境及本地网站环境均可提供防护。,1.2.0,2,2026-07-25 02:01:14,2026-09-02 09:59:58,2026-07-23 17:56:16,0,0,2,false,,https://dibj.cn/portal/api/common/calling/page?tableCode=COMPONENT_RESOURCE
14,COMPONENT_RESOURCE,创新服务-组件资源,171,1505,"2,900,902,","网络安全,",本地安全大脑,三六零数字安全科技集团有限公司,本地安全大脑是360数字安全架构平台化能力的落地实践，以“智能看见 + 自动化处置”为核心目标，运用云计算、大数据、大模型等新一代信息技术，向下汇聚传统安全设备数据，形成覆盖云、网、边、端、数、人全维的探针体系；向上承接360云端赋能体系，为安全态势感知、资产漏洞管理、威胁风险检测、响应处置与协同、抗攻击能力评估等安全运营工作提供“感知更精准 - 研判更高效 - 处置更智能”的一站式智能解决方案。,1.2.0,2,2026-07-25 02:01:14,2026-08-12 15:21:57,2026-07-23 17:55:43,0,0,3,false,,https://dibj.cn/portal/api/common/calling/page?tableCode=COMPONENT_RESOURCE
15,COMPONENT_RESOURCE,创新服务-组件资源,160,1503,"2,1200,1203,","办公协同,",轻舟AI中台,北京金山办公软件股份有限公司,轻舟AI中台是一款企业客户不用换系统、不用买机器、不用等排期，就能用上文档AI能力，实现数据不出域、效果可调优、且部署轻量的AI扩展插件。包含文档编辑器相关的核心AI功能、AI开放能力：1. 写作助手：AI帮我写、AI帮我改、深度创作、AI仿写、AI排版。2.阅读助手：AI全文总结、AI文档问答、AI段落总结、划词翻译/解释。3. 设计助手：主题生成PPT、文档生成PPT、大纲生成PPT、AI生成单页/多页。4.数据助手：AI写公式、AI数据分析、AI表格助手。,1.0.0,2,2026-07-19 02:01:14,2026-09-01 17:01:43,2026-07-17 15:16:47,0,0,4,false,,https://dibj.cn/portal/api/common/calling/page?tableCode=COMPONENT_RESOURCE
16,COMPONENT_RESOURCE,创新服务-组件资源,161,1502,"2,1200,1203,","办公协同,",WPS comate,北京金山办公软件股份有限公司,WPS Comate企业级人机协同平台支持本地、云端双任务运行模式，企业可结合自身数据安全与合规需求灵活选择；平台创新多人多Agent协同机制，全员可围绕同一任务联动调度AI，协作过程全程透明可追溯，沉淀团队集体经验资产。平台实现人与AI全域上下文互通，自动串联会议纪要、项目文档、历史决策等信息，规避人员变动造成的项目信息断层；产品深度打通WPS 365全生态，可一键调取IM、文档、会议等各类业务数据，无缝融入企业现有办公体系，同时兼容PC端、移动端、Web端多终端及私有化部署环境。依托完备的企业管控基座，平台平衡使用安全与办公效率，打通技能、算力、数据、系统四层互通能力，保障AI应用完全运行在企业合规管理框架之内。,1.5.1,2,2026-07-19 02:01:14,2026-07-28 17:31:33,2026-07-17 15:16:21,0,0,3,false,,https://dibj.cn/portal/api/common/calling/page?tableCode=COMPONENT_RESOURCE
17,COMPONENT_RESOURCE,创新服务-组件资源,162,1501,"2,1200,1203,","办公协同,",WPS 365,北京金山办公软件股份有限公司,WPS 365是面向组织和企业的办公新质生产力平台，包含升级后的WPS Office、WPS AI企业版和WPS协作。WPS 365打通了文档、AI、协作三大能力，让各组件间无缝切换。全面覆盖一个组织的办公需求，从文档创作到企业即时通讯（企业 IM）、会议、邮件，再到AI 应用，让组织和企业的生产力即刻起飞。,12.1.0,2,2026-07-19 02:01:14,2026-09-02 03:13:24,2026-07-17 15:15:56,0,0,11,false,,https://dibj.cn/portal/api/common/calling/page?tableCode=COMPONENT_RESOURCE
18,COMPONENT_RESOURCE,创新服务-组件资源,163,1504,"2,800,801,","自然语言处理,",知识智能体,金蝶软件（中国）有限公司,知识智能体基于企业知识中心，实现内部文档动态实时处理，转化为AI可理解的知识源，增强在业务语境下的问答准确性与理解深度。主要功能：1.文本知识接入：支持多种格式文本输入，动态构建知识语境；2.语义理解与匹配：结合上下文进行语义关联，提升信息关联度与准确性；3.智能问答与信息提取：基于语义检索与生成，提供实时知识问答与关键信息输出。,1.0.0,2,2026-07-19 02:01:15,2026-09-01 20:59:37,2026-07-17 15:15:25,0,0,4,false,,https://dibj.cn/portal/api/common/calling/page?tableCode=COMPONENT_RESOURCE
19,COMPONENT_RESOURCE,创新服务-组件资源,164,1500,"2,800,801,","自然语言处理,",合同审查智能体,金蝶软件（中国）有限公司,合同审查智能体定位是辅助用户快速审查合同风险，给出修改建议，提升合同起草、审查、比对效率。主要功能：1.支持常见类型合同风险审查；2.支持用户自定义审查规则；3.AI智能解析合同文本、识别定位风险条款内容，提供风险说明、修改建议以及法律法规依据；4.支持主体审查、红线条款、相对方审查、填写遗漏、重要条款缺失以及风险合规审查；5.支持在线编辑修改合同内容。,1.0.0,2,2026-07-19 02:01:15,2026-08-15 17:26:10,2026-07-17 15:14:57,0,0,13,false,,https://dibj.cn/portal/api/common/calling/page?tableCode=COMPONENT_RESOURCE
20,COMPONENT_RESOURCE,创新服务-组件资源,165,1499,"2,800,801,","自然语言处理,",财务分析智能体,金蝶软件（中国）有限公司,财务分析智能体，是一款融合AI技术，面向财务及企业管理者的智能财务分析产品。它致力于在日常分析、月度报告及季度复盘等财务分析场景中，解决企业海量数据处理与深度洞察的核心挑战。财务分析智能体能够无缝对接ERP系统，10分钟自动生成财务分析报告；通过数据穿透归因，快速洞察经营问题，将繁杂数据转化为清晰的决策依据，驱动业务增长。,1.0.0,2,2026-07-19 02:01:15,2026-09-02 18:06:38,2026-07-17 15:14:06,0,0,4,false,,https://dibj.cn/portal/api/common/calling/page?tableCode=COMPONENT_RESOURCE
21,COMPONENT_RESOURCE,创新服务-组件资源,166,1498,"2,900,902,","网络安全,",360资产脆弱性扫描平台,三六零数字安全科技集团有限公司,360资产脆弱性扫描平台作为360闭环漏洞管理解决方案的重要组成部分，被设计开发用来实现有效的漏洞管理。漏洞管理不是无休止地发起扫描并发现漏洞，更重要的是全面且准确的扫描，并对得到的数据进行智能有效的分析，确保关键的安全风险能优先排列，以及提供行之有效地、易于操作的修复建议和弥补措施。为此漏洞管理系统具备全面的漏洞库、低误报漏报率、直观呈现的关键风险点、逐步的漏洞修复方案等等，帮助各级别组织和单位实现高效安全地漏洞管理。,5.5.0,2,2026-07-19 02:01:15,2026-08-15 16:48:57,2026-07-17 15:11:26,0,0,18,false,,https://dibj.cn/portal/api/common/calling/page?tableCode=COMPONENT_RESOURCE
22,COMPONENT_RESOURCE,创新服务-组件资源,157,1497,"2,600,604,","数据开发与服务,",首信云数据治理解决方案,首信云技术有限公司,首信云数据治理解决方案面向国资国企打造，以数据标准体系与质量管控模型为核心，结合多源数据整合与资产目录应用，支持数据治理全流程驱动，提供数据安全与合规审计保障，适配企业现有业务系统与数据基础设施，实现全场景覆盖、全链路贯通、全维度管控、全周期运营，助力企业构建标准统一、安全可控的智能化数据治理体系。,1.0.0,2,2026-07-16 02:01:18,2026-09-01 23:28:06,2026-07-14 10:08:48,0,0,6,false,,https://dibj.cn/portal/api/common/calling/page?tableCode=COMPONENT_RESOURCE
23,COMPONENT_RESOURCE,创新服务-组件资源,156,1496,"2,800,801,","自然语言处理,",首信云企业大模型智能应用解决方案,首信云技术有限公司,企业大模型智能应用面向央国企打造AI服务一体化解决方案：构建“1+3+N”数智能力体系，通过统一算力供给、统一模型服务、统一数据管理、统一知识管理，遵循共性先行、安全可控、个性迭代推进原则，面向 N 类业务场景持续落地赋能。,1.0.0,2,2026-07-16 02:01:17,2026-09-02 18:06:41,2026-07-14 10:08:16,0,0,4,false,,https://dibj.cn/portal/api/common/calling/page?tableCode=COMPONENT_RESOURCE
24,COMPONENT_RESOURCE,创新服务-组件资源,155,1495,"2,1200,1201,","内容管理,",红顺智能化穿透式监管平台,首信云技术有限公司,红顺智能化穿透式监管平台面向央国企打造，以跨领域业务风险分析模型为核心，结合合规领域智能体应用，支持智能合约驱动，提供数据沙箱保障，适配企业现有生产系统，实现全级次、全链条、全过程、全要素穿透，助力企业构建“上下贯通、实时在线”的智能化监管体系。,1.0.0,2,2026-07-16 02:01:17,2026-09-02 11:42:20,2026-07-14 10:07:22,0,0,3,false,,https://dibj.cn/portal/api/common/calling/page?tableCode=COMPONENT_RESOURCE
25,COMPONENT_RESOURCE,创新服务-组件资源,158,1494,"2,900,902,","网络安全,",360高级持续性威胁预警系统,三六零数字安全科技集团有限公司,360高级持续性威胁预警系统（简称 ：NDR），是一款专门应对高级网络威胁的新一代智能安全产品。产品旁路部署在网络出口处，通过对网络进出流量进行监测和深度分析，检测零日漏洞（0DAY）、远程控制及渗透行为等攻击和控制行为，帮助用户及时发现攻击行为和失陷主机情况，并深入分析攻击者的攻击途径、关联关系等，帮助用户进行快速响应、攻击溯源。,4.1.1,2,2026-07-16 02:01:18,2026-07-25 02:01:14,2026-07-14 10:05:17,0,0,2,false,,https://dibj.cn/portal/api/common/calling/page?tableCode=COMPONENT_RESOURCE
26,COMPONENT_RESOURCE,创新服务-组件资源,159,1493,"2,900,902,","网络安全,",360安全隔离与信息交换系统,三六零数字安全科技集团有限公司,360安全隔离与信息交换系统，俗称“网闸”，部署于两个不同安全级别的网络（安全域）之间，通过隔离与交换技术，以信息“摆渡”的方式实现数据交换，模拟手动拷贝动作，实现网络（安全域）之间数据可控的交换。,2.0.0,2,2026-07-16 02:01:18,2026-09-01 17:01:42,2026-07-14 10:04:24,0,0,2,false,,https://dibj.cn/portal/api/common/calling/page?tableCode=COMPONENT_RESOURCE
27,COMPONENT_RESOURCE,创新服务-组件资源,138,1491,"2,1200,1203,","办公协同,",金蝶AI套件-制造云,金蝶软件（中国）有限公司,工程数据统一管理 EBOM、MBOM、工艺路线与工程变更；需求 + MRP 计划自动拆解物料、生产需求；生产、车间、简单、委外管理覆盖工单领料、工序汇报、入库返工；配套实际成本、标准成本核算与差异分析；扩展质量检验、双向质量追溯、重复生产线排产、滚动生产计划；配套服务包含生产流程落地、成本核算配置、MES 系统对接实施。,1.0.0,2,2026-07-08 02:01:01,2026-08-31 11:49:27,2026-07-03 14:22:14,0,0,19,false,,https://dibj.cn/portal/api/common/calling/page?tableCode=COMPONENT_RESOURCE
28,COMPONENT_RESOURCE,创新服务-组件资源,139,1489,"2,1200,1203,","办公协同,",首信云视频管理系统,首信云技术有限公司,首信云视频是面向党政机关、企事业单位打造的国产化视频会议SaaS服务产品。平台依托首信云底座，融合云计算与人工智能技术，搭配全场景视频终端设备，以“高安全·超融合·全连接”的服务模式，为用户提供全网络适配、超高清画质、低延时传输、安全可靠的视频会议能力，可全面满足日常远程会商、协同办公、远程培训、跨域联动等多元业务场景需求，帮助客户轻量化、高效率搭建统一可视协同办公体系，降低远程协作成本，提升跨区域办公沟通与业务协同效率。,1.0.0,2,2026-07-08 02:01:01,2026-08-23 16:48:51,2026-07-03 14:21:46,0,0,15,false,,https://dibj.cn/portal/api/common/calling/page?tableCode=COMPONENT_RESOURCE
29,COMPONENT_RESOURCE,创新服务-组件资源,143,1487,"2,1200,1201,","内容管理,",网站集约化管理平台,首信云技术有限公司,首信云网站集约化管理平台基于云计算环境，支持多站点管理，可完成独立网站以及网站群的快速搭建，实现集约化管理，提高运维效率、降低管理难度。主要功能包括平台首页统计视图、文章管理（文章编辑、文章审核、文章发布、文章取消发布、文章排序、回收站）、轮播图管理、样式文件管理、模板管理、ip白名单、站点配置、栏目和数据项配置、字段定义、词库管理、部门配置、用户管理、角色管理、统计分析。,1.0.0,2,2026-07-08 02:01:02,2026-07-08 20:57:00,2026-07-03 14:21:21,0,0,2,false,,https://dibj.cn/portal/api/common/calling/page?tableCode=COMPONENT_RESOURCE
30,COMPONENT_RESOURCE,创新服务-组件资源,140,1486,"2,1200,1203,","办公协同,",国资云通协同办公平台,首信云技术有限公司,国资云通专为全市45家市管企业及其下属全级次企业提供服务，作为市管企业协同办公的统一入口，提供通讯录、消息、文档、任务、日程、文档协同等基础能力，以及围绕企业通用办公、内部业务管理等建设需求提供增值服务能力，发挥国资云通在政企协同、委企协同、企业间联动发展、企业内部协同办公等方面的基础支撑作用。,1.0.0,2,2026-07-08 02:01:01,2026-08-13 11:09:59,2026-07-03 14:20:58,0,0,1,false,,https://dibj.cn/portal/api/common/calling/page?tableCode=COMPONENT_RESOURCE
31,COMPONENT_RESOURCE,创新服务-组件资源,141,1485,"2,1200,1203,","办公协同,",金蝶AI套件-供应链云,金蝶软件（中国）有限公司,采购管理覆盖需求、订单、收料、对账全流程，支持 VMI、配套、滚动采购；销售管理实现报价、订单、发货、售后闭环，搭配模拟报价、返利促销；库存管理包含出入库、调拨、盘点、批号序列号、呆滞库存预警；组织间结算自动处理集团内部跨主体交易；信用管理管控客户、供应商额度与账期；合同管理统一购销合同台账，联动收付款执行；可扩展条码 PDA 仓储、电商 OMS 集成、国际贸易、整车发运渠道分销等高级能力。配套服务：进销存流程梳理、库存优化方案、渠道促销体系搭建。,1.0.0,2,2026-07-08 02:01:01,2026-08-26 13:19:56,2026-07-03 14:20:32,0,0,11,false,,https://dibj.cn/portal/api/common/calling/page?tableCode=COMPONENT_RESOURCE
32,COMPONENT_RESOURCE,创新服务-组件资源,137,1483,"2,1200,1205,","财税管理,",金蝶AI套件-财务云,金蝶软件（中国）有限公司,基础通用功能：总账支持多账簿、多币种、多核算体系平行记账；智能会计平台实现业务单据自动生成凭证；报表提供类 Excel 可视化模板，自动出具三大财务报表；出纳管理覆盖现金、银行流水、银企直连收付，自带资金台账与自动对账；票据管理完成应收应付票据全生命周期管控；应收、应付模块管理客户与供应商往来，自动核销、账龄分析、坏账计提；固定资产实现资产卡片、折旧计提、盘点处置全流程；存货核算适配多种计价方式，自动计算出入库成本；合并报表自动完成多层级组织数据汇总、内部往来抵消；内部往来协同解决集团内部单边挂账问题；发票管理统一进销项、数电票归档；智能结账平台自动执行期末校验、批量结账、异常预警。,1.0.0,2,2026-07-08 02:01:01,2026-09-02 01:01:08,2026-07-03 14:20:03,0,0,4,false,,https://dibj.cn/portal/api/common/calling/page?tableCode=COMPONENT_RESOURCE
33,COMPONENT_RESOURCE,创新服务-组件资源,142,1490,"2,1200,1203,","办公协同,",云邮通邮箱系统,首信云技术有限公司,云邮通邮箱系统是面向党政机关、企事业单位等信创改造需求客户，打造的全栈信创适配、高安全、高可靠国产化云邮箱产品。产品基于首信云信创环境搭建，严格遵循等保三级安全标准建设，全面适配信创目录内主流CPU、操作系统、数据库、中间件等软硬件生态，同时支持IPv6网络协议，具备安全合规、运行稳定、功能完备的核心优势。可高效适配各类场景，全面兼容国内外主流邮件系统，支持一键平滑迁移与替换，助力客户快速完成邮箱系统国产化替代与数字化安全升级，筑牢政务及企业办公通信安全防线。,1.0.0,2,2026-07-08 02:01:01,2026-07-09 12:07:30,2026-07-03 11:20:49,0,0,1,false,,https://dibj.cn/portal/api/common/calling/page?tableCode=COMPONENT_RESOURCE
34,COMPONENT_RESOURCE,创新服务-组件资源,144,1492,"2,800,802,","文本,",百科论坛自动化解析工具链,安徽飞数信息科技有限公司,此组件用于百科、论坛等复杂网页的智能内容提取，提供HTML到结构化数据的自动化解析脚本生成能力，其核心功能如下：1. 智能识别网页中的标题、正文、评论等目标内容，自动生成解析脚本，无需人工编写规则；2. 自动质检解析结果，发现问题后智能修复并重新处理，确保数据质量；3. 灵活适配多种AI模型服务商，满足不同场景的解析需求。,1.1.0,2,2026-07-08 02:01:03,2026-09-01 12:08:15,2026-07-03 10:27:09,0,0,9,false,,https://dibj.cn/portal/api/common/calling/page?tableCode=COMPONENT_RESOURCE
35,COMPONENT_RESOURCE,创新服务-组件资源,145,1488,"2,800,802,","文本,",书籍文献无监督处理工具链,安徽飞数信息科技有限公司,该组件专为大模型预训练数据集的高效生产而设计，具备海量文本数据“端到端”全流程自动化处理能力，可大幅提升预训练数据集的构建效率与数据质量，为大模型预训练提供高质量数据支撑。,2.1.0,2,2026-07-08 02:01:03,2026-08-28 00:14:10,2026-07-03 10:26:48,0,0,8,false,,https://dibj.cn/portal/api/common/calling/page?tableCode=COMPONENT_RESOURCE
36,COMPONENT_RESOURCE,创新服务-组件资源,146,1484,"2,800,802,","文本,",多语种网页无监督处理工具链,安徽飞数信息科技有限公司,此组件用于大模型预训练数据集生产，提供海量网页数据“端到端”自动处理能力，其核心功能如下：1. 支持中、英、日、韩、西、法、德、俄、阿拉伯语等超过100种语种识别；2. 采用前处理+后处理自动化流水线，提供网页解析、去重、高质量筛选、有害检测等完整的数据清洗能力。,2.1.0,2,2026-07-08 02:01:03,2026-07-08 02:01:03,2026-07-03 10:26:28,0,0,0,false,,https://dibj.cn/portal/api/common/calling/page?tableCode=COMPONENT_RESOURCE
37,COMPONENT_RESOURCE,创新服务-组件资源,147,1482,"2,900,902,","网络安全,",360运维安全管理系统,三六零数字安全科技集团有限公司,360安全运维安全管理系统，俗称“堡垒机”，主要用途是让合法的人员管理具备权限的服务器、网络安全设备、数据库及其他远程应用的运维操作，并为此提供统一的登录界面、帐号管理、访问控制、权限控制、操作审计等功能。通常采用软硬一体的方式进行部署，可支持双机热备、集群部署、分布式部署等。,3.0.1,2,2026-07-08 02:01:03,2026-07-08 21:25:25,2026-07-03 10:26:01,0,0,1,false,,https://dibj.cn/portal/api/common/calling/page?tableCode=COMPONENT_RESOURCE
38,COMPONENT_RESOURCE,创新服务-组件资源,148,1481,"2,900,902,","网络安全,",360Web应用防火墙系统,三六零数字安全科技集团有限公司,360 Web应用防火墙是新一代专业的Web应用安全防护产品，可以帮助客户应对OWASP TOP10风险，并针对Web Shell、网站挂马、暴力破解等各种Web攻击进行防御。针对目前Web安全防护所面临的挑战，360Web应用防火墙在Web资产发现、漏洞评估、流量学习、威胁定位等方面全面应用智能分析和机器学习技术，帮助用户更轻松、更全面的部署Web安全防御策略，屏蔽Web漏洞和风险，确保网站的运营安全。,5.5.1,2,2026-07-08 02:01:03,2026-09-01 17:27:12,2026-07-03 10:24:50,0,0,4,false,,https://dibj.cn/portal/api/common/calling/page?tableCode=COMPONENT_RESOURCE
39,COMPONENT_RESOURCE,创新服务-组件资源,149,1480,"2,900,902,","网络安全,",360网络入侵防御系统,三六零数字安全科技集团有限公司,360 网络入侵防御系统是专用于网络入侵攻击检测和防御的安全产品，提供了从网络层分析到应用层分析、从应用识别到行为分析、从协议解析到业务语义分析的全方位分析，并采用了大量基于攻击原理的新型检测技术，确保设备抵御未知漏洞攻击的能力。360网络入侵防御系统提供了业界领先的实时、智能的防护能力，通过新一代的入侵防护技术，能够有效的阻断包括应用层面、业务层面的各类攻击，保证合法流量的正常传输。,5.5.0,2,2026-07-08 02:01:03,2026-07-08 02:01:03,2026-07-03 10:23:57,0,0,0,false,,https://dibj.cn/portal/api/common/calling/page?tableCode=COMPONENT_RESOURCE
40,COMPONENT_RESOURCE,创新服务-组件资源,154,1479,"2,800,805,","视频,",视频会议AI组件,小鱼易连科技有限公司,智能化会议辅助工具，具备会议语音实时转写、中英双语字幕自动生成等基础功能，还可实现结构化会议纪要自动生成、会议重点内容提炼等智能服务，为会议提供高效的智能化辅助支持。,1.0.0,2,2026-07-08 02:01:03,2026-07-08 02:01:03,2026-06-24 15:38:10,0,0,0,false,,https://dibj.cn/portal/api/common/calling/page?tableCode=COMPONENT_RESOURCE
41,COMPONENT_RESOURCE,创新服务-组件资源,150,1478,"2,900,902,","网络安全,",沃通SM2 SSL站点证书,沃通电子认证服务有限公司,SM2 SSL站点证书是基于国家密码管理局自主设计的SM2椭圆曲线公钥密码算法构建的数字安全凭证。作为国密（国家商用密码）体系的核心组件，它严格遵循 GM/T 0024-2014 等国家标准，结合SM3杂凑算法与SM4对称加密算法，为网站提供完全自主可控的端到端安全传输通道。该产品是政企单位落实《密码法》、推进信创改造以及满足等保2.0合规要求的关键基础设施。,3.0.0,2,2026-07-08 02:01:03,2026-07-08 02:01:03,2026-06-24 15:37:38,0,0,0,false,,https://dibj.cn/portal/api/common/calling/page?tableCode=COMPONENT_RESOURCE
42,COMPONENT_RESOURCE,创新服务-组件资源,151,1477,"2,900,902,","网络安全,",沃通RSA SSL站点证书,沃通电子认证服务有限公司,RSA SSL站点证书是基于全球应用最广泛的RSA非对称加密算法构建的数字安全凭证。它通过“公钥加密+私钥解密”的非对称密码学机制，结合权威证书颁发机构（CA）的身份背书，为网站与用户之间建立高强度的加密传输通道。该产品不仅能有效抵御数据窃听与篡改，还能验证网站真实身份，是各类企事业单位、政务平台及金融机构构建网络信任体系、满足数据安全合规要求的核心基础设施。,3.0.0,2,2026-07-08 02:01:03,2026-07-08 02:01:03,2026-06-24 15:37:09,0,0,0,false,,https://dibj.cn/portal/api/common/calling/page?tableCode=COMPONENT_RESOURCE
43,COMPONENT_RESOURCE,创新服务-组件资源,153,1476,"2,800,804,","计算机视觉,",Qverse三维编辑展示平台,众趣（北京）科技有限公司,Qverse三维空间应用平台，通过核心AI+空间计算与云端渲染技术对真实空间进行高速全息映射，构建数字孪生体，为用户提供高效的虚拟化空间建设服务，赋能智慧园区、公共安全、房地产、建筑工程、文博展馆、酒店民宿、家装家居、电商零售等众多行业领域。,1.0.0,2,2026-07-08 02:01:03,2026-07-08 02:01:03,2026-06-24 15:36:37,0,0,0,false,,https://dibj.cn/portal/api/common/calling/page?tableCode=COMPONENT_RESOURCE
44,COMPONENT_RESOURCE,创新服务-组件资源,152,1475,"2,900,902,","网络安全,",绿盟渗透测试自动化工具（EZ）,北京神州绿盟科技有限公司,绿盟渗透测试自动化工具（EZ）是一款集攻防实战经验与自动化技术于一体的专业渗透测试产品，核心定位是为渗透测试人员提供高效、全面的资产探测与漏洞发现解决方案。产品融合绿盟烈鹰和梅花 K 战队的实战攻防能力，历经百余次实网攻防演练验证，支持跨 Windows、Linux、MacOS 多平台部署，可广泛应用于攻防对抗、资产攻击面排查、漏洞预警影响面排查及系统上线前渗透测试等场景，帮助企业快速发现网络资产漏洞，降低安全风险，提升渗透测试效率与覆盖面。,1.0.6,2,2026-07-08 02:01:03,2026-07-08 02:01:03,2026-06-24 15:35:59,0,0,0,false,,https://dibj.cn/portal/api/common/calling/page?tableCode=COMPONENT_RESOURCE
45,COMPONENT_RESOURCE,创新服务-组件资源,132,1474,"2,1200,1203,","办公协同,",永中文档在线预览软件,永中软件股份有限公司,"永中文档在线预览软件(以下简称：永中DCS)是永中Office针对政企单位提供的文件预览与文件转换服务，可同时供多个业务系统进行对接和集成，赋能业务系统实现Office文档、PDF、OFD等格式文档的在线预览与文档批量格式转换，支持80多种不同文件格式的文件。永中DCS文档在线预览是由一组后台服务组成，并提供接口供业务系统进行对接。同时支持文档智能处理，提供文档组装(套红),文档水印(图片水印、文字水印),防复制预览，文档在线签批，文档的拆分与合并、文档内容的提取与替换等增值功能项。",4.0.0,2,2026-06-22 20:48:45,2026-08-27 16:23:22,2026-06-17 10:35:28,0,0,61,false,,https://dibj.cn/portal/api/common/calling/page?tableCode=COMPONENT_RESOURCE
46,COMPONENT_RESOURCE,创新服务-组件资源,133,1473,"2,1200,1203,","办公协同,",永中文档在线编辑软件,永中软件股份有限公司,永中Web Office是一款安全高效的在线编辑文档工具，它是包含Word、Excel、PPT三大应用，运行于浏览器的网页Office。用户端无需本地安装Office无需插件，打开浏览器即可对文档进行在线编辑，云端即时保存编辑的内容，不用担心文档数据的损坏和丢失。永中Web Office具有强大的文字编辑、高兼容度排版等多项优势。它支持多人协作处理同一份文档，它支持多终端设备，并提供pc版、移动版的文字处理、电子表格、简报制作三大应用，已具备满足日常办公的基本需要。,3.0.0,2,2026-06-22 20:48:45,2026-08-24 22:36:14,2026-06-17 10:34:44,0,0,18,false,,https://dibj.cn/portal/api/common/calling/page?tableCode=COMPONENT_RESOURCE
47,COMPONENT_RESOURCE,创新服务-组件资源,134,1472,"2,800,805,","视频,",视频会议H.323融合组件,小鱼易连科技有限公司,基于H.323 标准通信协议，实现与各类支持 H.323 协议的第三方（华为、宝利通、中兴、科达等）视频会议终端、平台的无缝对接与跨系统互联互通，打破不同品牌、不同协议设备间的沟通壁垒，保障多方会议无障碍接入。,1.0.0,2,2026-06-22 20:48:47,2026-09-02 10:18:46,2026-06-17 10:34:09,0,0,39,false,,https://dibj.cn/portal/api/common/calling/page?tableCode=COMPONENT_RESOURCE
48,COMPONENT_RESOURCE,创新服务-组件资源,135,1471,"2,800,805,","视频,",视频会议录播组件,小鱼易连科技有限公司,针对视频会议全过程的音视频内容进行实时录制、统一存储与后续回放管理，完整留存会议内容，满足会议复盘、内容存档、资料追溯等需求。,1.0.0,2,2026-06-22 20:48:47,2026-09-02 01:57:50,2026-06-17 10:33:09,0,0,10,false,,https://dibj.cn/portal/api/common/calling/page?tableCode=COMPONENT_RESOURCE
49,COMPONENT_RESOURCE,创新服务-组件资源,136,1470,"2,800,805,","视频,",视频会议管理组件,小鱼易连科技有限公司,会议全流程管控工具，专注于会议的统筹管理与实时操控，涵盖会议创建、预约、发起、结束全流程管理，同时支持参会人员权限分配、会议画面切换、音量调控、参会方管理等实时控制功能，实现会议全周期规范化、精细化管控，可独立完成会议调度与现场管控工作。,1.0.0,2,2026-06-22 20:48:47,2026-08-13 04:18:37,2026-06-17 10:31:46,0,0,18,false,,https://dibj.cn/portal/api/common/calling/page?tableCode=COMPONENT_RESOURCE
50,COMPONENT_RESOURCE,创新服务-组件资源,119,1468,"2,1200,1203,","办公协同,",智能公文,北京致远互联软件股份有限公司,智能公文系统，公文全生命周期管理平台、公文智能处理中枢，实现政府机关单位人员的公文收发、流转、归档全流程信息化处理，多端发起公文起草、发文、收文申请，智能处理公文审核、流转、归档、查询，自动同步京办日历服务与消息提醒，便捷公文检索与待办提醒，提升用户体验，高效规范公文管理。,1.0.0,2,2026-06-17 11:16:41,2026-08-21 15:23:31,2026-06-11 11:31:10,0,0,14,false,,https://dibj.cn/portal/api/common/calling/page?tableCode=COMPONENT_RESOURCE
51,COMPONENT_RESOURCE,创新服务-组件资源,120,1467,"2,1200,1203,","办公协同,",督办管理,北京致远互联软件股份有限公司,督办管理聚焦政府机关单位重点工作、交办任务的全生命周期闭环管理，实现政务督办事项的数字化、智能化、规范化处理。支持多端发起督办任务、智能分配责任主体、全流程跟踪进度、自动预警超期事项、一键生成督办报告，自动同步京办日程与消息提醒，实现任务从立项、交办、承办、催办到办结的全流程可追溯、可监控、可考核，大幅提升政务执行效率与督办管理效能。支持 PC 端及移动端使用。,1.0.0,2,2026-06-17 11:16:41,2026-07-08 02:01:02,2026-06-11 11:30:42,0,0,0,false,,https://dibj.cn/portal/api/common/calling/page?tableCode=COMPONENT_RESOURCE
52,COMPONENT_RESOURCE,创新服务-组件资源,121,1469,"2,1200,1201,","内容管理,",企业云盘,武汉意畅智云科技有限公司,意畅企业云盘，为大中型客户提供私有云部署的企业级云盘系统，专注于企业海量非结构化数据的存储与管理，结合真实的应用场景为企业客户量身打造集“管控、安全、共享、协作、集成”五位一体的新型文档管理解决方案，充分满足企业在存储资源高效利用、海量文件安全管理以及文件便捷分享与协作方面的各种需求，致力于构建文件生命周期内使用方式与业务应用高度融合的新生态，为企业级用户提供统一、简单、高效、便捷、放心的办公环境。,5.4.3,2,2026-06-17 11:16:41,2026-08-26 22:18:56,2026-06-11 10:47:09,0,0,2,false,,https://dibj.cn/portal/api/common/calling/page?tableCode=COMPONENT_RESOURCE
53,COMPONENT_RESOURCE,创新服务-组件资源,129,1465,"2,900,902,","网络安全,",360上网行为审计系统,三六零数字安全科技集团有限公司,360上网行为审计系统是识别全面、控制手段丰富的高性能上网行为管理产品。能对网络中的网络社区、P2P/IM带宽滥用、网络游戏、炒股、网络多媒体、非法网站访问等行为进行精细化识别和控制并利用智能流控、智能阻断、智能路由等技术，配合创新的社交网络行为管理功能、清晰易用的管理日志功能等，提供全面、完善的上网行为管理解决方案。从而保障网络关键应用和服务的带宽，对网络流量、用户上网行为进行深入分析与全面的审计，为用户全面了解网络应用模型和流量趋势，优化其带宽资源，开展各项业务提供有力的支撑。,2.0.0,2,2026-06-17 11:16:42,2026-09-02 02:36:08,2026-06-11 10:46:27,0,0,8,false,,https://dibj.cn/portal/api/common/calling/page?tableCode=COMPONENT_RESOURCE
54,COMPONENT_RESOURCE,创新服务-组件资源,130,1464,"2,900,902,","网络安全,",360安全防火墙系统,三六零数字安全科技集团有限公司,360安全防火墙系统集成策略控制、VPN、VSYS虚拟化、上网行为管理、资产管理、流量控制、入侵检测、防病毒、WAF、SSL加密流量检测、SDWAN、360产品联动（DNS、安全大脑、威胁情报、EPP）等模块，以其丰富的产品特性、安全功能，满足不同场景下的边界防护需求，为用户提供高性能、可视化、精准有效的一体化安全防护体系。,1.0.0,2,2026-06-17 11:16:42,2026-09-02 03:42:39,2026-06-11 10:46:01,0,0,2,false,,https://dibj.cn/portal/api/common/calling/page?tableCode=COMPONENT_RESOURCE
55,COMPONENT_RESOURCE,创新服务-组件资源,131,1466,"2,900,902,","网络安全,",360终端安全管理系统,三六零数字安全科技集团有限公司,360终端安全管理系统软件在360安全大数据极智赋能下，以安全大数据、云计算、人工智能等新技术为支撑，以可靠服务为保障，解决政企用户内网终端安全管理问题。可提供病毒查杀（兼容信创环境）、勒索挖矿防护、漏洞修复、合规管控、终端准入控制、优化加速等能力帮助政企用户掌控全网终端安全状态，给客户提供终端安全一体化的解决方案，有效保障全网终端安全。,12.0.0,2,2026-06-17 11:16:42,2026-07-08 02:01:04,2026-06-11 10:12:43,0,0,1,false,,https://dibj.cn/portal/api/common/calling/page?tableCode=COMPONENT_RESOURCE
56,COMPONENT_RESOURCE,创新服务-组件资源,125,1460,"2,600,604,","数据开发与服务,",睿治Agent数据治理平台,北京亿信华辰软件有限责任公司,睿治Agent数据治理平台以大模型为内核、智能体为载体，深度融合大模型的认知与生成能力，充分发挥智能体的自主协作特性，致力于打造AI原生的数据治理平台，让治理更高效、更智能。同时支持按需模块化部署，灵活适配企业多样化需求。,3.1.0,2,2026-06-17 11:16:42,2026-08-21 09:13:50,2026-06-05 14:22:22,0,0,4,false,,https://dibj.cn/portal/api/common/calling/page?tableCode=COMPONENT_RESOURCE
57,COMPONENT_RESOURCE,创新服务-组件资源,122,1459,"2,500,501,","关系型数据库,",金仓空间数据模型KES Spatial,中电科金仓（北京）科技股份有限公司,金仓空间数据模型KES Spatial支持包含几何模型、栅格模型、路网模型、点云模型和轨迹模型等。KES Spatial提供近700种空间函数，包含管理函数、对象构建函数、对象编辑函数、处理函数、线性函数、空间关系、栅格分析、三维分析、点云处理、路网分析等应用函数。同时，KES Spatial与国内外数十家GIS平台进行了深度适配，为GIS应用提供功能完善、稳定可靠的数据库支撑。,9.0.0,2,2026-06-17 11:16:41,2026-09-02 10:43:41,2026-06-05 14:21:54,0,0,2,false,,https://dibj.cn/portal/api/common/calling/page?tableCode=COMPONENT_RESOURCE
58,COMPONENT_RESOURCE,创新服务-组件资源,123,1458,"2,500,501,","关系型数据库,",金仓数据库管理系统共享存储集群软件KingbaseES RAC,中电科金仓（北京）科技股份有限公司,金仓数据库管理系统多写共享存储集群软件KingbaseES RAC（简称KES RAC）用于构建采用共享存储架构的对等多写数据库集群，具有高可用、可横向扩展、低存储成本、低应用改造成本等特点，能够满足大多数应用场景在功能、性能及可用性方面的严格要求。,9.0.0,2,2026-06-17 11:16:41,2026-07-08 02:01:02,2026-06-05 14:21:36,0,0,0,false,,https://dibj.cn/portal/api/common/calling/page?tableCode=COMPONENT_RESOURCE
59,COMPONENT_RESOURCE,创新服务-组件资源,124,1457,"2,500,501,","关系型数据库,",金仓文档数据模型KES Document,中电科金仓（北京）科技股份有限公司,金仓文档数据模型KES Document是一款专注于文档数据存储、查询和管理的扩展插件。支持无模式（Sche ma-less）数据存储，支持JSON、BSON或XML等多种数据格式，提供动态文档结构、复杂数据类型处理、高性能查询等能力，实现内容管理、用户画像、复杂设备监控等多种场景下的半结构化数据处理。,9.0.0,2,2026-06-17 11:16:41,2026-07-08 02:01:02,2026-06-05 14:21:14,0,0,0,false,,https://dibj.cn/portal/api/common/calling/page?tableCode=COMPONENT_RESOURCE
60,COMPONENT_RESOURCE,创新服务-组件资源,126,1463,"2,600,604,","数据开发与服务,",基于医保数据的健康保险智慧服务,云基华海信息技术股份有限公司,本产品依托合规医保数据，融合国密加密、可信计算与机器学习技术，构建安全高效的健康保险智慧服务体系，面向医保监管部门、保险机构及参保用户提供全链路服务。产品严守数据安全规范，通过数据脱敏技术实现“数据可用不可见”，保障隐私安全。针对保险行业痛点，产品可完成医保数据真实性核验、带病体风险分层评分，助力保险精准定价。同时实现核保、理赔自动化升级，大幅压缩业务办理时效、降低运营与风控成本。此外，可联动医保、商保数据排查违规诊疗行为，助力医保基金精细化监管，实现政企双向赋能。,1.0.0,2,2026-06-17 11:16:42,2026-07-08 02:01:03,2026-06-05 14:03:30,0,0,0,false,,https://dibj.cn/portal/api/common/calling/page?tableCode=COMPONENT_RESOURCE
61,COMPONENT_RESOURCE,创新服务-组件资源,127,1462,"2,600,604,","数据开发与服务,",多数字人伴游与AIGC共创,云基华海信息技术股份有限公司,以景区高质量数据集建设为基础，以AI能力为核心驱动力，初期以手机为体验入口，围绕还会融合AI眼镜等更多智能终端，打造覆盖游客游前、游中、游后的全生命周期数字文旅服务体系。通过数字内容与交互设计，帮助游客在真实世界中建立更加丰富、更有温度的连接关系，实现从“看景”到“参与”、从“体验”到“创造”的转变。,1.0.0,2,2026-06-17 11:16:42,2026-08-23 23:22:33,2026-06-05 14:02:56,0,0,3,false,,https://dibj.cn/portal/api/common/calling/page?tableCode=COMPONENT_RESOURCE
62,COMPONENT_RESOURCE,创新服务-组件资源,128,1461,"2,600,604,","数据开发与服务,",手术室运营AI小助手,云基华海信息技术股份有限公司,立足医疗发展实际，以多源数据融合为核心驱动，聚焦手术室排班低效、文档繁琐、合规风险高、管理粗放等核心痛点，打造通用大模型 + 医院专属应用系统双核心产品，构建可复用、高盈利、易落地的医疗 AI 解决方案，实现数据集团、项目发起方、合作医院多方共赢，为全国医疗智能化升级提供可复制模式。,1.0.0,2,2026-06-17 11:16:42,2026-07-08 02:01:03,2026-06-05 14:02:03,0,0,0,false,,https://dibj.cn/portal/api/common/calling/page?tableCode=COMPONENT_RESOURCE
63,COMPONENT_RESOURCE,创新服务-组件资源,29,1456,"2,1200,1203,","办公协同,",点聚手写签批系统V4.0,北京点聚信息技术有限公司,点聚手写签批系统V4.0支持国产信创环境，是一套基于PC电脑端和移动办公设备端的手写签名软件，提供手写签批原笔迹、电子签名、键盘文字录入等功能，为业务办公系统全流程无纸化办理提供基础支撑。产品提供丰富的开发接口，提供各种组件形态（ActiveX、NPAPI、so、jar）满足客户业务系统的多环境。点聚手写签名系统V4.0支持带手写压力感应的硬件设备，能够很细致的获取手写笔的压力感应并如实的反应到电子文件上，使用户签字效果更趋于纸质签字效果。,4.0.0,2,2026-06-05 18:34:10,2026-07-08 02:01:02,2026-05-29 17:07:36,0,0,0,false,,https://dibj.cn/portal/api/common/calling/page?tableCode=COMPONENT_RESOURCE
64,COMPONENT_RESOURCE,创新服务-组件资源,30,1455,"2,1200,1203,","办公协同,",点聚OFD版式文档处理系统V3.0,北京点聚信息技术有限公司,点聚OFD版式文档处理系统V3.0是基于完全国产化软硬件环境的 OFD 版式软件，支持 OFD 版式文件的阅读、手写签名、签章、验章等功能，提供标准的接口为第三方业务系统增加 OFD 处理功能，支持 B/S 和 C/S 开发环境。点聚 OFD 软件设计符合（GB/T 33190-2016）《电子文件存储与交换格式版式文档》国家标准，支持目前所有的国产化操作系统和国产化 CPU 平台， 与各基础软硬件（如国产中间件、国产浏览器、密码设备）完成兼容性适配，并通过了国家保密局的相关测试，完全符合信创环境。,3.0.0,2,2026-06-05 18:34:10,2026-07-08 02:01:02,2026-05-29 17:07:05,0,0,0,false,,https://dibj.cn/portal/api/common/calling/page?tableCode=COMPONENT_RESOURCE
65,COMPONENT_RESOURCE,创新服务-组件资源,31,1454,"2,1200,1203,","办公协同,",点聚电子签章系统V4.0,北京点聚信息技术有限公司,点聚电子签章系统 V4.0（信创环境）是一套基于完全国产化软硬件环境的电子签章系统，在兼容原 Windows 环境下使用习惯的基础上更增加了符合国内安全要求和功能性需求的模块。系统采用国密算法实现对电子印章的全生命周期管理，包括印章的申请、审核、制作、签章、验证等功能，提供标准的接口为第三方业务系统提供签章的相关功能，帮助客户实现在电子文档上加盖电子签章，确保电子文件的安全可追溯。点聚电子签章系统支持目前所有的国产化操作系统和国产化CPU平台，与各基础软硬件（如国产中间件、国产浏览器、密码设备）完成兼容性适配，并通过了国家保密局和国家密码局的相关测试，完全符合信创环境。,4.0.0,2,2026-06-05 18:34:10,2026-07-08 02:01:02,2026-05-29 17:05:29,0,0,0,false,,https://dibj.cn/portal/api/common/calling/page?tableCode=COMPONENT_RESOURCE
66,COMPONENT_RESOURCE,创新服务-组件资源,32,1453,"2,1200,1203,","办公协同,",友虹OCR文字识别软件,友虹（北京）科技有限公司,友虹 OCR 文字识别能力是一款面向企业级场景的文字识别软件，支持对扫描件、图片及版式文档进行高精度文字识别，可实现印刷体、手写体及复杂版面内容的自动解析与结构化输出。系统支持多语言文字识别，能够对文档中的段落、表格、图片区域及混合排版内容进行定位与识别，并支持输出可编辑文本及结构化数据结果。同时可与友虹可信版式处理套件集成，实现双层文档生成，使识别结果与原始版式内容同步保留，满足可检索与长期归档需求。,2.0.0,2,2026-06-05 18:34:10,2026-07-08 02:01:02,2026-05-27 14:22:16,0,0,0,false,,https://dibj.cn/portal/api/common/calling/page?tableCode=COMPONENT_RESOURCE
67,COMPONENT_RESOURCE,创新服务-组件资源,33,1452,"2,1200,1203,","办公协同,",友虹在线轻阅读软件,友虹（北京）科技有限公司,友虹在线轻阅读是一款面向企业级场景的版式文档在线浏览与轻量处理软件，支持 OFD、PDF 及图片等多种格式在浏览器端的高保真渲染与展示，无需安装任何客户端或插件，即可实现文档的快速在线阅读与访问。系统提供稳定的文档解析与渲染能力，支持页面缩放、全文检索、目录跳转、打印等基础阅读与输出功能，并支持批注操作，包括文本批注、手写批注、高亮标注等，实现文档的轻量协同处理能力。同时支持权限控制与签章、验章与添加水印安全机制，保障文档在传输与展示过程中的安全性与可控性。平台支持标准化接口对接，可嵌入业务系统进行集成部署，兼容 Windows、Linux、麒麟及统信等多种操作系统环境，适用于政务、医疗、金融、档案管理、电子证照及招投标等严肃文档在线阅读与审阅场景。,2.0.0,2,2026-06-05 18:34:10,2026-07-08 02:01:02,2026-05-27 14:21:49,0,0,0,false,,https://dibj.cn/portal/api/common/calling/page?tableCode=COMPONENT_RESOURCE
68,COMPONENT_RESOURCE,创新服务-组件资源,34,1451,"2,1200,1203,","办公协同,",友虹可信版式处理套件,友虹（北京）科技有限公司,友虹可信版式处理套件是一套面向企业级场景的文档转换与处理平台，支持 Office 文档、PDF、OFD 及图片等多种格式向 OFD/PDF 的高保真转换，并支持生成符合长期归档要求的 OFD-A 及 OFD-H 等扩展格式文档，可有效保障文档版式、字体、表格、印章及页面结构的一致性。系统支持与 OCR 能力集成，实现扫描件识别、表格识别及双层 OFD/PDF 生成，满足文档可检索与结构化处理需求。同时平台内置文档合并拆分、页面旋转、水印添加、文档加密、元数据处理等五十多种文档加工能力，并提供标准 API 接口，支持 Windows、Linux、麒麟、统信等多种环境部署，适用于政务、医疗、金融、档案、电子证照、招投标等严肃文档应用场景。,1.0.0,2,2026-06-05 18:34:10,2026-07-08 02:01:02,2026-05-27 14:20:56,0,0,0,false,,https://dibj.cn/portal/api/common/calling/page?tableCode=COMPONENT_RESOURCE
69,COMPONENT_RESOURCE,创新服务-组件资源,97,1450,"2,600,604,","数据开发与服务,",商务万象跨境通,浪潮卓数大数据产业发展有限公司,商务万象·跨境通是面向各级商务主管部门打造的跨境电商与外贸全链条智能决策分析平台。以多源数据融合为底座，以AI智能分析为驱动，为各级商务主管部门提供跨境电商与外贸全流程数字化服务，实现运行态势可监测、企业底数可穿透、工作推进有抓手、政策制定可支撑，助力跨境电商与外贸高质量发展。,1.3.0,2,2026-06-05 18:34:11,2026-07-08 02:01:03,2026-05-22 17:28:09,0,0,0,false,,https://dibj.cn/portal/api/common/calling/page?tableCode=COMPONENT_RESOURCE
70,COMPONENT_RESOURCE,创新服务-组件资源,98,1449,"2,600,604,","数据开发与服务,",商务万象电商通,浪潮卓数大数据产业发展有限公司,以“数字+商务”新模式为导向，采集主流电商平台公开数据，提供网络零告、农村电商、农产品上行、电商企业、电商直播等一站式电商数据监测统计、分析和应用服务，助力各级政府部门开展电商运行监测、发展分析研判、政策决策和公共服务。,3.0.0,2,2026-06-05 18:34:11,2026-07-08 02:01:03,2026-05-22 17:27:33,0,0,0,false,,https://dibj.cn/portal/api/common/calling/page?tableCode=COMPONENT_RESOURCE
71,COMPONENT_RESOURCE,创新服务-组件资源,117,1448,"2,800,806,","音频,",音频无监督处理工具链,安徽飞数信息科技有限公司,本工具链专为大模型（重点是语音大模型）预训练打造，实现海量音频数据“端到端”全流程无监督自动化处理，可大幅提升音频预训练数据集的构建效率与质量，为语音、多模态大模型预训练提供高质量数据支撑。,2.2.0,2,2026-06-05 18:34:11,2026-07-08 02:01:04,2026-05-21 11:32:07,0,0,0,false,,https://dibj.cn/portal/api/common/calling/page?tableCode=COMPONENT_RESOURCE
72,COMPONENT_RESOURCE,创新服务-组件资源,116,1447,"2,900,904,","Web应用防火墙,",绿盟Web应用防火墙（WAF),北京神州绿盟科技有限公司,绿盟下一代 WAF（Web 应用防护系统）是一款集成多维度安全防护能力的综合性网关产品，聚焦 Web 应用与 API 安全，提供 DDoS 防护、Bot 流量管理、WAF 核心防护、API 安全防护于一体的协同解决方案。产品适配物理、虚拟化、云原生等多种部署环境，支持串联、旁挂、镜像等多种部署模式，可灵活应对企业 Web 应用在数字化转型中面临的合规要求、业务风险、业务中断及运维繁琐等挑战，广泛服务于政府、金融、运营商、能源、教育等多行业，保障 Web 应用、业务及数据的全生命周期安全。,6.0.8,2,2026-06-05 18:34:11,2026-07-08 02:01:04,2026-05-21 11:31:21,0,0,0,false,,https://dibj.cn/portal/api/common/calling/page?tableCode=COMPONENT_RESOURCE
73,COMPONENT_RESOURCE,创新服务-组件资源,105,1446,"2,800,802,","文本,",文本问答对合成工具链,安徽飞数信息科技有限公司,此组件用于从PDF/DOCX文档自动合成高质量问答数据集，其核心功能如下：1.支持 PDF、DOCX 等多种文档格式解析（含公式、表格），兼容 MinerU GPU/CPU双模式，满足不同环境下的数据处理需求；2.支持单选题、多选题、填空题、材料分析、图片分析等题型的自动生成，并可按难度（简单/中等/困难）配比灵活分配；3.采用多个校验器过滤低质量数据，并生成中间产物进行追踪，降低人工标注成本；4.支持大规模文档批量处理，采用异步并发生成策略，相比串行模式提速约 2-4 倍。,1.1.0,2,2026-06-05 18:34:11,2026-07-08 02:01:03,2026-05-20 18:08:46,0,0,0,false,,https://dibj.cn/portal/api/common/calling/page?tableCode=COMPONENT_RESOURCE
74,COMPONENT_RESOURCE,创新服务-组件资源,109,1445,"2,900,902,","网络安全,",绿盟网络安全漏洞扫描系统（RSAS),北京神州绿盟科技有限公司,绿盟网络安全漏洞扫描系统（RSAS）是一款基于绿盟科技多年漏洞挖掘与安全服务经验自主研发的新一代漏洞管理产品，核心定位是全方位检测网络系统各类脆弱性风险，为企业提供从漏洞发现、分析到修复审计的全流程解决方案。产品采用模块化架构，支持 IPv4/IPv6 双协议栈及虚拟化部署，适配小规模网络、中小规模多子网、大规模跨地区网络等多种场景，可广泛应用于政府、金融、能源、运营商等多行业，满足《网络安全法》《等级保护 2.0》等合规要求，助力企业先于攻击者发现安全隐患，最大程度减小受攻击面。,6.0.0,2,2026-06-05 18:34:11,2026-07-08 02:01:04,2026-05-20 17:44:57,0,0,0,false,,https://dibj.cn/portal/api/common/calling/page?tableCode=COMPONENT_RESOURCE
75,COMPONENT_RESOURCE,创新服务-组件资源,99,1444,"2,600,604,","数据开发与服务,",睿治数据治理平台,北京亿信华辰软件有限责任公司,睿治智能数据治理平台由亿信华辰自主研发，融合数据集成管理、数据交换管理、元数据管理、数据标准管理、数据质量管理、数据资产管理、数据安全管理、数据生命周期管理等产品模块，各产品模块可独立或任意组合使用，打通数据治理各个环节，可快速满足政府、企业用户各类不同的数据治理场景。,3.1.0,2,2026-06-05 18:34:11,2026-07-08 02:01:03,2026-05-13 15:40:52,0,0,0,false,,https://dibj.cn/portal/api/common/calling/page?tableCode=COMPONENT_RESOURCE
76,COMPONENT_RESOURCE,创新服务-组件资源,77,1443,"2,600,603,","数据应用与可视化,",睿码主数据管理平台,北京亿信华辰软件有限责任公司,全程“零”编码，高效实现主数据模型、主数据维护、主数据分发、主数据质量的全过程管理，为企业主数据管理落地提供有效支撑，实现各业务系统间的主数据共享，保障企业主数据的唯一性、准确性、一致性。,2.7.0,2,2026-06-05 18:34:10,2026-07-08 02:01:03,2026-05-13 15:39:46,0,0,0,false,,https://dibj.cn/portal/api/common/calling/page?tableCode=COMPONENT_RESOURCE
77,COMPONENT_RESOURCE,创新服务-组件资源,63,1442,"2,600,601,","数据计算与分析,",帆软报表软件FineReport,帆软软件有限公司,FineReport易学易用，功能强大，简单拖拽操作便可制作中国式复杂报表，轻松实现报表的多样展示、交互分析、数据录入、权限管理、定时调度、打印输出、门户管理和移动应用等需求。借助于FineReport的无码理念，IT部门可以轻松地构建出灵活的数据分析，网络直报等应用系统，大大缩短项目周期，减少实施成本，灵活应对公司日常管理需求。,11.5.0,2,2026-06-05 18:34:10,2026-07-08 02:01:02,2026-05-13 14:41:04,0,0,0,false,,https://dibj.cn/portal/api/common/calling/page?tableCode=COMPONENT_RESOURCE
78,COMPONENT_RESOURCE,创新服务-组件资源,64,1441,"2,600,601,","数据计算与分析,",帆软商业智能软件FineBI,帆软软件有限公司,新一代自助大数据分析的BI工具，被国内多家专业媒体和机构评为国内最佳BI解决方案和年度创新大数据BI产品。FineBI旨在帮助企业的业务部门用户充分了解和利用他们的数据，凭借强劲的大数据引擎，自动建模，用户只需在dashboard面板中简单拖拽操作，便能制作出丰富多样的数据可视化信息，并可以进行数据钻取，联动和过滤操作，自由地对业务经营过程中产生的数据进行分析和探索，及时地做出经营决策调整，让数据释放出更多未知潜能。,7.0.0,2,2026-06-05 18:34:10,2026-07-08 02:01:02,2026-05-13 14:40:22,0,0,1,false,,https://dibj.cn/portal/api/common/calling/page?tableCode=COMPONENT_RESOURCE
79,COMPONENT_RESOURCE,创新服务-组件资源,65,1440,"2,600,601,","数据计算与分析,",FineDataLink数据平台,帆软软件有限公司,新一代的低代码/高时效的企业级一站式数据集成产品，面向用户大数据场景下实时数据采集、集成、清洗、管理的诉求，提供快速连接、高时效融合各种数据、敏捷发布Data API 数据接口的能力。赋予用户仅通过单一平台，即可实现数据传输、数据调度、数据治理和数据服务等各类复杂组合场景的能力。打造一个具备开放的、一站式、标准化、可视化、高性能和可持续交付的自助化数据调度与治理平台。帮助企业打破数据孤岛，大幅激活企业业务潜能，使数据成为生产力。,4.2.0,2,2026-06-05 18:34:10,2026-07-08 02:01:02,2026-05-11 16:40:37,0,0,0,false,,https://dibj.cn/portal/api/common/calling/page?tableCode=COMPONENT_RESOURCE
80,COMPONENT_RESOURCE,创新服务-组件资源,24,1439,"2,1200,1205,","财税管理,",中兴新云·财资,深圳市中兴新云服务有限公司,中兴新云·财资系列产品支持银行账户统一管理、集团资金集中管理、资金预算约束管理、债务融资严格管理、资金结算规范管理、票据使用高效管理、应收款项清收管理、借款与融资担保管理等核心业务，通过账户实时可视、资金高效结算、风险动态管控与数据智能分析，通过数据智能分析赋能精准决策，全面提升企业资金效率、流动性管理水平和战略支撑能力。,1.0.0,2,2026-06-05 18:34:09,2026-07-08 02:01:01,2026-05-08 17:47:39,0,0,0,false,,https://dibj.cn/portal/api/common/calling/page?tableCode=COMPONENT_RESOURCE
81,COMPONENT_RESOURCE,创新服务-组件资源,25,1438,"2,1200,1205,","财税管理,",中兴新云·财云,深圳市中兴新云服务有限公司,中兴新云·财云系列产品覆盖企业全场景业财流程，通过智能化、自动化手段，实现业财深度融合，显著提升报销、报账、结算效率，强化合规风控与财务管控，为企业提供全流程智能化的业财协同解决方案。,1.0.0,2,2026-06-05 18:34:09,2026-08-13 11:23:25,2026-05-08 17:29:21,0,0,1,false,,https://dibj.cn/portal/api/common/calling/page?tableCode=COMPONENT_RESOURCE
82,COMPONENT_RESOURCE,创新服务-组件资源,35,1435,"2,1200,1203,","办公协同,",零点知识底座(零壤),北京零点远景网络科技有限公司,零壤知识底座是面向政务、金融、教育及企业等领域的平台级智能知识中枢，围绕“知识沉淀—组织连接—智能应用—生态运营”全生命周期，打造5大核心功能模块，形成覆盖政企知识管理全场景的一体化解决方案。,1.0.0,2,2026-06-05 18:34:10,2026-07-08 02:01:02,2026-05-07 15:43:44,0,0,0,false,,https://dibj.cn/portal/api/common/calling/page?tableCode=COMPONENT_RESOURCE
83,COMPONENT_RESOURCE,创新服务-组件资源,100,1436,"2,600,604,","数据开发与服务,",零点数据底座(零渊),北京零点远景网络科技有限公司,零渊数据底座是一款面向政务、金融、企业等领域的一站式智能数据全生命周期治理平台，围绕“采集—存储—开发—质量—共享—资产—退役”核心主线，融合统一资源配置与大模型自然语言问数能力，打造九大功能模块，助力政企构建高质量、可复用、易管控的数据底座。,2.0.0,2,2026-06-05 18:34:11,2026-07-08 02:01:03,2026-05-07 15:43:10,0,0,0,false,,https://dibj.cn/portal/api/common/calling/page?tableCode=COMPONENT_RESOURCE
84,COMPONENT_RESOURCE,创新服务-组件资源,106,1434,"2,800,802,","文本,",数据安全识别工具,安徽飞数信息科技有限公司,此组件用于内容安全数据自动标注，提供通用文本的自动化处理与结构化输出能力，其核心功能如下：1、支持识别涉黄、暴力、赌博、涉毒、涉政及正常共6类文本类型，并输出对应风险标签；2、自动生成违规原因描述，帮助快速定位文本问题，降低人工审核成本；3、支持119种语言（含多种小语种）文本处理，满足多语种数据场景需求；4、支持大规模数据批量处理，可直接用于数据生产及审核前处理场景。,2.2.0,2,2026-06-05 18:34:11,2026-07-08 02:01:03,2026-05-07 15:07:00,0,0,0,false,,https://dibj.cn/portal/api/common/calling/page?tableCode=COMPONENT_RESOURCE
85,COMPONENT_RESOURCE,创新服务-组件资源,70,1437,"2,600,602,","数据湖,",星环大数据基础平台软件,星环信息科技（上海）股份有限公司,星环的大数据平台TDH采用基于Hadoop的分布式数据平台架构，集群支持灵活进行线性扩展，对于计算资源与存储资源以及数据访问资源进行统一控制管理，对于计算资源进行高效的调度管理与使用控制。在安装、配置、监控、告警方面，通过统一的Web页面进行运维管理。海量数据查询分析服务集群既可以处理结构化的数据，也可以处理非结构化、半结构化的数据，满足配置、日志、网页、音视频、社交网络等多源异构数据的加载和存储，提供数据查询、全文检索、数据离线批处理分析、交互式分析、图分析等多种数据处理模式。同时，基于平台提供的实时流处理集群，可以满足实时数据研判分析服务的需求。,9.0.0,2,2026-06-05 18:34:10,2026-07-08 02:01:03,2026-05-07 15:02:53,0,0,0,false,,https://dibj.cn/portal/api/common/calling/page?tableCode=COMPONENT_RESOURCE
86,COMPONENT_RESOURCE,创新服务-组件资源,110,1433,"2,900,902,","网络安全,",绿盟网络入侵防护系统（NIPS）,北京神州绿盟科技有限公司,绿盟网络入侵防护系统（以下简称“NSFOCUS NIPS”）是绿盟科技拥有完全自主知识产权的新一代安全产品，作为一种在线部署的产品，其设计目标旨在适应攻防的最新发展，准确监测网络异常流量，自动应对各层面安全隐患，第一时间将安全威胁阻隔在企业网络外部。这类产品弥补了防火墙、入侵检测等产品的不足，提供动态的、深度的、主动的安全防御。为应对新型攻击带来的威胁，从智能识别、环境感知、行为分析三方面加强了对应用协议、异常行为、恶意文件的检测和防护，为企业提供了一个看得见、检得出、防得住的全新入侵防护解决方案。,5.6.11,2,2026-06-05 18:34:11,2026-07-08 02:01:04,2026-04-29 16:58:17,0,0,0,false,,https://dibj.cn/portal/api/common/calling/page?tableCode=COMPONENT_RESOURCE
87,COMPONENT_RESOURCE,创新服务-组件资源,78,1432,"2,600,603,","数据应用与可视化,",Datablau智能数据治理平台,北京数语科技有限公司,Datablau 智能数据治理平台，以前瞻性的产品理念开创了国内智能数据资产管理先河，完美衔接了从数据治理到数据服务，以业务的视觉呈现数据资产，为企业提供统一数据资产共享和应用平台。,8.0.0,2,2026-06-05 18:34:10,2026-07-08 02:01:03,2026-04-29 16:56:07,0,0,0,false,,https://dibj.cn/portal/api/common/calling/page?tableCode=COMPONENT_RESOURCE
88,COMPONENT_RESOURCE,创新服务-组件资源,58,1430,"2,500,501,","关系型数据库,",金仓时序数据模型,中电科金仓（北京）科技股份有限公司,金仓时序数据模型KES TimeSeries是一款专注于时间序列数据处理的扩展插件。可支撑如传感器数据、监控数据、日志数据和其他时间相关的数据处理的大规模、高吞吐量的数据处理场景。,9.0.0,2,2026-06-05 18:34:10,2026-07-08 02:01:02,2026-04-28 17:44:25,0,0,0,false,,https://dibj.cn/portal/api/common/calling/page?tableCode=COMPONENT_RESOURCE
89,COMPONENT_RESOURCE,创新服务-组件资源,57,1428,"2,300,303,","数据迁移与工具,",爱数备份与恢复系统,上海爱数信息技术股份有限公司,集数据备份恢复、副本数据管理、数据归档、容灾与迁移于一体的备份恢复平台，以副本数据湖架构和开放架构，帮助组织实现不同业务的数据生命周期管理，增强数字化韧性。,8.0.9,2,2026-06-05 18:34:10,2026-08-13 11:08:25,2026-04-28 16:38:23,0,0,1,false,,https://dibj.cn/portal/api/common/calling/page?tableCode=COMPONENT_RESOURCE
90,COMPONENT_RESOURCE,创新服务-组件资源,107,1429,"2,800,802,","文本,",图像处理工具链,安徽飞数信息科技有限公司,本组件套件面向AI视觉模型训练数据集生产场景，提供从原始图像到高质量训练数据的全流程自动化处理能力。覆盖数据准入清洗、标准化转换、质量检测、修复增强、目标检测与分割分割六大核心环节。支持计算机视觉分类、检测、分割等任务的端到端数据流水线构建。,1.1.0,2,2026-06-05 18:34:11,2026-07-08 02:01:03,2026-04-28 11:41:50,0,0,0,false,,https://dibj.cn/portal/api/common/calling/page?tableCode=COMPONENT_RESOURCE
91,COMPONENT_RESOURCE,创新服务-组件资源,115,1431,"2,800,805,","视频,",视频切分处理工具链,安徽飞数信息科技有限公司,该工具链专为视频数据处理设计，聚焦视频切分全流程自动化，可实现批量切分、格式适配等一体化处理，适配大模型训练等需求，定位为“全流程自动化、高兼容性、高准确率”的视频切分工具。,3.5.0,2,2026-06-05 18:34:11,2026-09-02 16:46:41,2026-04-28 10:31:30,0,0,1,false,,https://dibj.cn/portal/api/common/calling/page?tableCode=COMPONENT_RESOURCE
92,COMPONENT_RESOURCE,创新服务-组件资源,27,1333,"2,100,101,","云服务器,",操作系统,123,123,123,,2026-06-05 18:34:09,2026-09-02 16:21:26,2026-04-27 14:06:01,0,0,26,false,,https://dibj.cn/portal/api/common/calling/page?tableCode=COMPONENT_RESOURCE
93,COMPONENT_RESOURCE,创新服务-组件资源,71,1422,"2,700,701,","微服务工具与平台,",东方通负载均衡软件,北京东方通软件有限公司,东方通负载均衡软件TongHttpServer是一款轻量级负载均衡软件，支持 OSI 四层与七层负载均衡，具有占用系统资源少、性能高、支持并发数高、配置简单等优点。常用于配置 HTTP 静态资源服务器、反向代理服务器、负载均衡服务器、正向代理服务器。,6.0.1,2,2026-06-05 18:34:10,2026-07-08 02:01:03,2026-04-24 10:26:29,0,0,1,false,,https://dibj.cn/portal/api/common/calling/page?tableCode=COMPONENT_RESOURCE
94,COMPONENT_RESOURCE,创新服务-组件资源,72,1423,"2,700,701,","微服务工具与平台,",东方通分布式数据缓存中间件软件,北京东方通软件有限公司,TongRDS（简称RDS）是分布式内存数据缓存中间件，用于高性能内存数据共享与应用支持。TongRDS为各类应用提供高效、稳定、安全的内存数据处理能力；同时它支持共享内存的搭建弹性伸缩管理；使业务应用无需考虑各种内存的复杂管理。 TongRDS适用于应用高速缓存、会话数据状态保持、微服务架构实时数据加速、及时性大数据分析等业务场景。,2.2.1,2,2026-06-05 18:34:10,2026-07-08 02:01:03,2026-04-24 10:16:06,0,0,0,false,,https://dibj.cn/portal/api/common/calling/page?tableCode=COMPONENT_RESOURCE
95,COMPONENT_RESOURCE,创新服务-组件资源,2,1421,"2,900,999,","其他,",身份提供商客户端,cecstack,身份提供商客户端，对接系统配置的身份供应商，针对不同身份供应商做定制化对接实现。,5.5.16-10241049,2,2026-06-05 18:34:09,2026-09-01 22:29:47,2026-04-23 15:54:44,0,0,4,false,,https://dibj.cn/portal/api/common/calling/page?tableCode=COMPONENT_RESOURCE
96,COMPONENT_RESOURCE,创新服务-组件资源,111,1420,"2,900,902,","网络安全,",绿盟下一代防火墙（NF）,北京神州绿盟科技有限公司,绿盟NF防火墙是绿盟科技构筑在兆芯、飞腾、海光硬件平台及中标麒麟、银河麒麟操作系统基础之上，结合多核高速数据包并发处理技术，研发而成的企业级边界安全产品。其核心理念是在用户网络边界建立以应用为核心的网络安全策略，通过智能化识别、精细化控制、一体化检测等逐层递进方式实现用户/应用行为的可视、可控、合规和安全，最终保障网络应用被安全高效的使用。,6.0.5,2,2026-06-05 18:34:11,2026-07-08 02:01:04,2026-04-22 13:53:03,0,0,0,false,,https://dibj.cn/portal/api/common/calling/page?tableCode=COMPONENT_RESOURCE
97,COMPONENT_RESOURCE,创新服务-组件资源,114,1418,"2,900,903,","数据安全,",炼石数据库加密,北京炼石网络技术有限公司,“北京炼石网络免改造数据加密产品，基于自研AOE面向切面安全技术，核心实现应用零改造、配置化敏捷部署，兼顾国密合规与实战防护，助力各行业快速完成敏感数据全生命周期防护。核心组件包含安全引擎平台、数据资产管理、加密系统、密钥管理及脱敏系统，支持软件、硬件、云镜像、容器化部署，适配主流数据库与开发语言，单CPU国密SM4加解密速度≥140Gbps，延迟＜1ms，无性能损耗。核心提供字段级透明加密、敏感数据治理、细粒度权限控制、国密合规支持及全链路审计服务，适配政务、金融、医疗、能源等行业，可快速满足等保、密评要求。产品凭借零改造部署、高性能、全兼容、强安全的优势，为客户提供高效、合规的敏感数据防护解决方案。,3.0.0,2,2026-06-05 18:34:11,2026-08-13 11:23:49,2026-04-21 09:57:14,0,0,2,false,,https://dibj.cn/portal/api/common/calling/page?tableCode=COMPONENT_RESOURCE
98,COMPONENT_RESOURCE,创新服务-组件资源,59,1419,"2,500,501,","关系型数据库,",金仓向量数据模型,中电科金仓（北京）科技股份有限公司,金仓向量数据模型KES Vector是一款专注于向量数据处理与相似性搜索的扩展插件。支持多模一体化存储、混合检索与计算融合，广泛适配各类AI开发框架与生态协议，深度赋能模型训练与推理，简化AI应用构建。,9.0.0,2,2026-06-05 18:34:10,2026-07-08 02:01:02,2026-04-21 09:42:28,0,0,0,false,,https://dibj.cn/portal/api/common/calling/page?tableCode=COMPONENT_RESOURCE
99,COMPONENT_RESOURCE,创新服务-组件资源,36,1417,"2,1200,1203,","办公协同,",Coremail XT6邮件系统,广东盈世计算机科技有限公司,“Coremail XT6 是盈世信息科技自主研发的企业级邮件系统，为各类组织提供安全、稳定、高效的邮件通信服务。系统支持 SMTP/POP3/IMAP 标准协议，兼容主流邮件客户端，具备海量存储（单封邮件最大 2GB）、智能收发、邮件撤回、延迟发送等核心功能。在安全防护方面，系统集成多层次防护体系，包括反垃圾邮件（准确率 98%+）、邮件防病毒、敏感词过滤、邮件审计归档、SSL/TLS 国密加密传输，支持动态密码、双因素认证等登录安全机制。同时提供企业通讯录、日程管理、任务协作、企业网盘等协同办公能力，并配备可视化运维后台、分级管理权限、日志审计与自动运维功能。,6.0.15,2,2026-06-05 18:34:10,2026-07-08 02:01:02,2026-04-20 16:45:17,0,0,0,false,,https://dibj.cn/portal/api/common/calling/page?tableCode=COMPONENT_RESOURCE
100,COMPONENT_RESOURCE,创新服务-组件资源,81,1416,"2,800,801,","自然语言处理,",知识中枢,首信云技术有限公司,“知识中枢”是面向政务及国企场景的知识基础设施平台，围绕多源异构知识的统一接入、解析治理、分类组织、订阅分发和智能服务支撑，构建可持续运营的知识底座。平台支持对接外部CMS、内部业务系统以及PDF、Word、Excel、网页、图片扫描件等资料，服务知识运营人员、委办局业务人员和智能应用建设人员。,1.0.0,2,2026-06-05 18:34:11,2026-08-13 11:24:01,2026-04-20 16:30:43,0,0,1,false,,https://dibj.cn/portal/api/common/calling/page?tableCode=COMPONENT_RESOURCE
101,COMPONENT_RESOURCE,创新服务-组件资源,80,1414,"2,700,702,","云消息队列,",东方通消息中间件软件,北京东方通软件有限公司,东方通TongLINK/Q 作为东方通公司的消息中间件产品，凭借其消息、队列、可靠等机制为各种分布式应用系统的开发提供消息传递的可靠通道。 TongLINK/Q 的队列、消息及路由等处理机制，使其能够为应用系统提供高效、灵活的同步和异步传输处理、存储转发、消息路由等技术支持，确保消息在任何情况下都能够安全、可靠的送达。通过使用TongLINK/Q，应用系统完全不需要担心消息传递过程中可能遇到的各种障碍（机器故障、网络故障等）和异常。,8.1.17,2,2026-06-05 18:34:10,2026-07-08 02:01:03,2026-04-15 17:18:11,0,0,3,false,,https://dibj.cn/portal/api/common/calling/page?tableCode=COMPONENT_RESOURCE
102,COMPONENT_RESOURCE,创新服务-组件资源,73,1415,"2,700,701,","微服务工具与平台,",东方通应用服务器软件,北京东方通软件有限公司,东方通TongWeb应用服务器软件全面支持Java EE/Jakarta EE系列规范，作为基础架构软件，位于操作系统与应用之间，帮助企业将业务应用集成在一个基础平台上，为应用高效、稳定、安全运行提供关键支撑，包括便捷的开发、随需应变的灵活部署、丰富的运行时监视、高效的管理等。,8.0.9,2,2026-06-05 18:34:10,2026-07-27 11:22:01,2026-04-15 16:43:45,0,0,1,false,,https://dibj.cn/portal/api/common/calling/page?tableCode=COMPONENT_RESOURCE
103,COMPONENT_RESOURCE,创新服务-组件资源,60,1413,"2,500,501,","关系型数据库,",金仓数据库读写分离集群软件,中电科金仓（北京）科技股份有限公司,金仓数据库管理系统读写分离集群软件（简称KingbaseES RWC）在金仓数据守护集群软件的基础上增加了对应用透明的读写负载均衡能力。相比数据守护集群，该类集群中所有备库均可对外提供查询能力，从而减轻了主库的读负载压力，可实现更高的事务吞吐率；该软件支持在多个备库间进行读负载均衡。,9.0.0,2,2026-06-05 18:34:10,2026-07-08 02:01:02,2026-04-14 14:54:21,0,0,0,false,,https://dibj.cn/portal/api/common/calling/page?tableCode=COMPONENT_RESOURCE
104,COMPONENT_RESOURCE,创新服务-组件资源,61,1411,"2,500,501,","关系型数据库,",金仓数据库管理系统KES,中电科金仓（北京）科技股份有限公司,金仓数据库管理系统KingbaseES（简称KES）V9是电科金仓在AI时代推出的面向全行业、全客户关键应用的企业级大型通用融合数据库产品，适用于事务处理类应用、数据分析类应用、海量时序数据采集检索类应用、要求苛刻的互联网应用等场景；可用作核心业务及生产系统、智能体应用系统、管理信息系统、决策支持系统、多维数据分析系统、运行日志管理系统、全文检索系统、地理信息系统、时序数据处理相关系统的承载数据库。,9.0.0,2,2026-06-05 18:34:10,2026-07-09 16:05:16,2026-04-13 17:12:50,0,0,1,false,,https://dibj.cn/portal/api/common/calling/page?tableCode=COMPONENT_RESOURCE
105,COMPONENT_RESOURCE,创新服务-组件资源,37,1412,"2,1200,1203,","办公协同,",低代码平台,北京致远互联软件股份有限公司,低代码开发平台，面向政府机关单位打造的可视化、拖拽式应用搭建工具，实现政务协同办公系统的快速定制化开发与迭代。支持多端可视化拖拽搭建、零代码 / 低代码配置业务流程，智能生成应用逻辑、表单、报表与门户，一键部署上线、灵活调整功能，自动适配 PC 端及移动端使用，无缝对接现有政务系统与京办服务体系，便捷维护与迭代升级，降低开发门槛、提升建设效率，赋能单位快速构建各类政务应用，高效支撑数字化办公转型。,1.0.0,2,2026-06-05 18:34:10,2026-07-08 02:01:02,2026-04-13 14:08:46,0,0,0,false,,https://dibj.cn/portal/api/common/calling/page?tableCode=COMPONENT_RESOURCE
106,COMPONENT_RESOURCE,创新服务-组件资源,38,1409,"2,1200,1203,","办公协同,",协同办公系统,北京致远互联软件股份有限公司,OA办公系统，政务协同办公一体化平台、综合事务管理中枢，实现政府机关单位人员的全流程办公事务数字化处理，多端发起公文流转、审批办理、日程管理、信息发布等各类办公申请，智能处理流程审批、业务流转、数据查询，自动同步京办日历服务与消息提醒，便捷查询与事项督办，提升用户体验，高效赋能政务办公。支持 PC 端及移动端使用。,1.0.0,2,2026-06-05 18:34:10,2026-07-08 02:01:02,2026-04-10 15:31:57,0,0,0,false,,https://dibj.cn/portal/api/common/calling/page?tableCode=COMPONENT_RESOURCE
107,COMPONENT_RESOURCE,创新服务-组件资源,113,1407,"2,800,804,","计算机视觉,",飞渡空间智能引擎,北京飞渡科技股份有限公司,构建三维场景，数字孪生场景编辑工具，数据汇集平台。可以快速整合多源、海量的空间数据，并进行高质量、高性能的绘制。拥有丰富的场景特效。数字孪生场景编辑工具，数据汇集平台。可以快速整合多源、海量的空间数据，并进行高质量、高性能的绘制。拥有丰富的场景特效。在服务器的云端进行实时渲染，将渲染画面通过视频串流的方式实时传输到终端，供用户使用。用户在终端的操作同时也可实时反馈给云端，达到无插件、跨平台、跨浏览器的浏览和操作的一致体验。,7.0.0,2,2026-06-05 18:34:11,2026-07-08 02:01:04,2026-04-10 10:47:26,0,0,0,false,,https://dibj.cn/portal/api/common/calling/page?tableCode=COMPONENT_RESOURCE
108,COMPONENT_RESOURCE,创新服务-组件资源,39,1410,"2,1200,1203,","办公协同,",万相公文智能辅助系统,北京万户软件技术有限公司,万相公文智能辅助系统是一站式政企公文知识赋能和智慧应用平台，为政企工作人员提供公文智能写作、润色改写、专业知识检索、内容校对、一键排版等服务。系统适配全栈信创技术路线，客户端支持以插件形式内嵌于 WPS、Word 办公软件，更符合用户的实际使用习惯，通过智能化、规范化的相关技术，为全面提升办文处理能力，提供高效、可靠、便捷的保障。,3.2.0,2,2026-06-05 18:34:10,2026-07-08 02:01:02,2026-04-10 09:52:05,0,0,0,false,,https://dibj.cn/portal/api/common/calling/page?tableCode=COMPONENT_RESOURCE
109,COMPONENT_RESOURCE,创新服务-组件资源,40,1408,"2,1200,1203,","办公协同,",道一云七巧低代码平台,广东道一信息技术股份有限公司,七巧低代码平台是一种能让使用者通过可视化编程界面和拖放组件来创建网页及移动应用程序的能力平台，基于低代码平台只需编写少量代码甚至0代码，就能快速交付业务应用，降低开发成本与前期投入，具有提高业务敏捷性、开发速度快等优势。,4.0.0,2,2026-06-05 18:34:10,2026-07-08 02:01:02,2026-04-10 09:51:29,0,0,0,false,,https://dibj.cn/portal/api/common/calling/page?tableCode=COMPONENT_RESOURCE
110,COMPONENT_RESOURCE,创新服务-组件资源,41,1406,"2,1200,1203,","办公协同,",基础云视频组件,小鱼易连科技有限公司,为视频会议平台核心支撑工具，核心主打MCU（多点控制单元）能力，负责会议资源的统一调度、音视频流的转发与处理、会议链路的稳定管控，为整个视频会议系统搭建稳定的平台运行底座，保障会议音视频传输流畅、资源调度高效，是其他模块正常运行的基础保障。,5.2.0,2,2026-06-05 18:34:10,2026-07-08 02:01:02,2026-04-09 17:36:00,0,0,0,false,,https://dibj.cn/portal/api/common/calling/page?tableCode=COMPONENT_RESOURCE
111,COMPONENT_RESOURCE,创新服务-组件资源,55,1405,"2,1200,1202,","IT管理,",和信统一应用管理VEUAM,北京和信创天科技股份有限公司,和信统一应用管理系统为用户提供高效便捷的应用程序交付服务。能将标准的Windows 应用程序生成为可跨平台发布的虚拟应用，支持在国产操作系统上使用Windows 应用程序。VEUAM的虚拟应用拨离了应用程序与操作系统之间的依赖耦合，使应用程序运行的交互界面可远程于其他平台的操作系统上，无需安装即可运行，且不会在本地产生任何数据及修改。,3.0.0,2,2026-06-05 18:34:10,2026-07-08 02:01:02,2026-04-08 16:17:46,0,0,0,false,,https://dibj.cn/portal/api/common/calling/page?tableCode=COMPONENT_RESOURCE
112,COMPONENT_RESOURCE,创新服务-组件资源,112,1404,"2,900,902,","网络安全,",绿盟日志审计系统（LAS）,北京神州绿盟科技有限公司,绿盟日志审计系统（NSFOCUS Log Audit System，简称NSFOCUS LAS）是基于大数据架构的综合日志管理平台，通过大数据技术的海量日志采集、异构设备日志范式化及安全事件关联分析，实现日志全生命周期管理。协助运维人员从事前（发现安全风险）、事中（分析回溯）及事后（调查取证）等多个维度监控网络安全事件，助力企业满足《网络安全法》及等保合规要求。,2.0.0,2,2026-06-05 18:34:11,2026-07-08 02:01:04,2026-04-08 15:47:30,0,0,0,false,,https://dibj.cn/portal/api/common/calling/page?tableCode=COMPONENT_RESOURCE
113,COMPONENT_RESOURCE,创新服务-组件资源,42,1403,"2,1200,1203,","办公协同,",协同办公软件e-cology,泛微网络科技股份有限公司,泛微e-cology是一个集协同办公与深度业务运营于一体的数字化平台，旨在为政府及企事业单位构建统一、智能的运营管理中台。平台提供统一的数字化办公体系，包括统一门户、流程管理、知识管理、电子签章、文事会一体化等场景，同时平台可根据客户需求构建业务财务管理一体化的数字化运营平台，具体场景包括营销管理、合同管理、项目管理、采购管理、客服管理、人事管理、发票管理、费控管理、资产管理、流程自动化、学习培训考试管理、档案管理、数智大脑Xiaoe.AI等内容。,10.0.0,2,2026-06-05 18:34:10,2026-07-08 02:01:02,2026-04-08 15:33:30,0,0,0,false,,https://dibj.cn/portal/api/common/calling/page?tableCode=COMPONENT_RESOURCE
114,COMPONENT_RESOURCE,创新服务-组件资源,56,1402,"2,1200,1202,","IT管理,",和信下一代云桌面系统,北京和信创天科技股份有限公司,和信下一代云桌面系统搭载超融合基础架构，深度融合了云桌面三种主流技术架构VDI、VOI、IDV优势于一体，实现桌面管理统一化、 数据存储集中化、运维服务简单化，为用户提供稳定可靠、安全高效、按需扩展，覆盖用户全场景的云桌面服务。,5.0.0,2,2026-06-05 18:34:10,2026-07-08 02:01:02,2026-04-07 15:11:07,0,0,0,false,,https://dibj.cn/portal/api/common/calling/page?tableCode=COMPONENT_RESOURCE
115,COMPONENT_RESOURCE,创新服务-组件资源,108,1401,"2,900,901,","主机安全,",绿盟终端安全系统一体化版（ESS-M）,北京神州绿盟科技有限公司,绿盟终端安全管理系统是一款智能防护终端、服务器、虚拟机、云主机和信创环境安全的新一代终端安全产品，依托绿盟科技20多年的安全实践和经验积累，以安全大数据、云计算、人工智能引擎、威胁情报、检测与响应、威胁溯源等新技术为支撑，采用基因特征引擎、Nsfocus™人工智能引擎、云查杀引擎、行为检测引擎、终端检测与响应等威胁检测引擎，帮助政企用户快速掌控全网主机安全状态，快速处置安全问题，有效保障全网主机安全。,9.0.0,2,2026-06-05 18:34:11,2026-07-08 02:01:04,2026-03-31 11:35:48,0,0,0,false,,https://dibj.cn/portal/api/common/calling/page?tableCode=COMPONENT_RESOURCE
116,COMPONENT_RESOURCE,创新服务-组件资源,101,1399,"2,600,604,","数据开发与服务,",数据集成,首都信息发展股份有限公司,数据集成基于可视化界面，通过丰富的任务配置方式，实现库表、文件、半结构化数据和接口数据的快速集成，对多源异构的数据抽取、转换和加载到数据集成平台，满足多样化的数据集成场景。,1.0.0,2,2026-06-05 18:34:11,2026-08-07 09:15:27,2026-03-27 15:05:56,0,0,1,false,,https://dibj.cn/portal/api/common/calling/page?tableCode=COMPONENT_RESOURCE
117,COMPONENT_RESOURCE,创新服务-组件资源,26,1396,"2,1200,1205,","财税管理,",金蝶AI星瀚,金蝶软件（中国）有限公司,金蝶 AI 星瀚是面向央国企等大型企业的企业管理 AI SaaS 云服务，基于金蝶云・苍穹 PaaS 平台构建，内嵌新一代企业级 AI 平台。,8.0.0,2,2026-06-05 18:34:09,2026-07-23 17:01:47,2026-03-25 21:23:29,0,0,1,false,,https://dibj.cn/portal/api/common/calling/page?tableCode=COMPONENT_RESOURCE
118,COMPONENT_RESOURCE,创新服务-组件资源,62,1397,"2,500,501,","关系型数据库,",平凯数据库企业版软件,平凯星辰（北京）科技有限公司,平凯数据库是一款分布式NewSQL关系型数据库，兼容MySQL 5.7/8.0协议与生态，采用存算分离架构，兼顾事务强一致性与海量数据处理能力，是企业级一站式数据底座，支持云原生部署与弹性运维，无需分库分表即可突破单机数据库瓶颈。,7.1.0,2,2026-06-05 18:34:10,2026-07-08 02:01:02,2026-03-25 20:59:29,0,0,1,false,,https://dibj.cn/portal/api/common/calling/page?tableCode=COMPONENT_RESOURCE
119,COMPONENT_RESOURCE,创新服务-组件资源,19,1291,"2,9999,","其他,",系统nginx服务器,Bitnami,Nginx (engine x) 是一个高性能的HTTP和反向代理web服务器，同时也提供了IMAP/POP3/SMTP服务。,0.2.0,2,2026-06-05 18:34:09,2026-09-02 16:26:34,2025-11-11 10:39:42,0,0,3,false,https://www.baidu.com,https://dibj.cn/portal/api/common/calling/page?tableCode=COMPONENT_RESOURCE
120,COMPONENT_RESOURCE,创新服务-组件资源,66,1372,"2,100,107,","存储,",数据采集平台-管理,移动,实时采集多源数据（传感器/日志/API），支持清洗、压缩与存储，提供可视化看板及异常告警，兼容主流数据库和消息队列。,1.0.0,2,2026-06-05 18:34:10,2026-07-08 02:01:02,2025-11-06 18:30:07,0,0,0,false,,https://dibj.cn/portal/api/common/calling/page?tableCode=COMPONENT_RESOURCE
121,COMPONENT_RESOURCE,创新服务-组件资源,67,1373,"2,100,107,","存储,",模型开发-自有,移动,模型开发应用是数据科学和机器学习的核心工具，支持从数据预处理、特征工程到模型训练、评估和部署的全流程。通过可视化界面或代码编程，用户可快速构建、优化和验证预测模型，提升算法性能，满足业务需求，助力企业实现智能化决策与创新。,1.0.0,2,2026-06-05 18:34:10,2026-09-02 16:27:16,2025-11-06 18:18:15,0,0,2,false,,https://dibj.cn/portal/api/common/calling/page?tableCode=COMPONENT_RESOURCE
122,COMPONENT_RESOURCE,创新服务-组件资源,68,1374,"2,100,107,","存储,",模型开发-公共,移动,模型开发应用是数据科学和机器学习的核心工具，支持从数据预处理、特征工程到模型训练、评估和部署的全流程。通过可视化界面或代码编程，用户可快速构建、优化和验证预测模型，提升算法性能，满足业务需求，助力企业实现智能化决策与创新。,1.0.0,2,2026-06-05 18:34:10,2026-07-08 02:01:02,2025-11-06 18:01:54,0,0,0,false,,https://dibj.cn/portal/api/common/calling/page?tableCode=COMPONENT_RESOURCE
123,COMPONENT_RESOURCE,创新服务-组件资源,74,1270,"2,700,701,","微服务工具与平台,",数据采集平台-数据库,移动,实时采集多源数据（传感器/日志/API），支持清洗、压缩与存储，提供可视化看板及异常告警，兼容主流数据库和消息队列。,1.0.0,2,2026-06-05 18:34:10,2026-07-08 02:01:03,2025-05-12 16:52:07,0,0,3,false,,https://dibj.cn/portal/api/common/calling/page?tableCode=COMPONENT_RESOURCE
124,COMPONENT_RESOURCE,创新服务-组件资源,118,1299,"2,800,807,","生成式AI,",大模型推理API服务 1.0.0,CECLOUD,基于DeepSeek的大模型推理服务API，通过API-key的方式进行开通授权，即开即用。帮助用户便捷的将大模型能力接入自己的业务场景逻辑，快速探索新业务模式，提效已有业务场景。,0.0.0-20250509173335,1,2026-06-05 18:34:11,2026-07-27 10:08:12,2025-05-09 18:44:06,0,0,1,false,124.127.59.64,https://dibj.cn/portal/api/common/calling/page?tableCode=COMPONENT_RESOURCE
125,COMPONENT_RESOURCE,创新服务-组件资源,3,1249,"2,900,999,","其他,",Cpm Operator,CECLOUD,Cpm Operator，部署Cpm，算力网调度产品。,5.3.0-1617,1,2026-06-05 18:34:09,2026-09-02 12:55:51,2025-04-15 14:17:59,0,0,1,false,,https://dibj.cn/portal/api/common/calling/page?tableCode=COMPONENT_RESOURCE
126,COMPONENT_RESOURCE,创新服务-组件资源,4,1295,"2,900,999,","其他,",hygon dcu operator,CECLOUD,hygon dcu operator 用于部署 dcu 相关组件。,5.3.0-1617,1,2026-06-05 18:34:09,2026-09-01 20:21:33,2025-04-15 14:17:41,0,0,2,false,,https://dibj.cn/portal/api/common/calling/page?tableCode=COMPONENT_RESOURCE
127,COMPONENT_RESOURCE,创新服务-组件资源,5,1247,"2,900,999,","其他,",AIDP Operator,CECLOUD,AIDP Operator，简称AISpace，为用户提供开发机、模型训练、推理服务以及行业大模型的工作流能力，是具备基础设施、用户作业运维和监控的一体化智能开发平台。,5.3.0-1617,1,2026-06-05 18:34:09,2026-08-30 02:55:40,2025-04-15 14:17:08,0,0,3,false,,https://dibj.cn/portal/api/common/calling/page?tableCode=COMPONENT_RESOURCE
128,COMPONENT_RESOURCE,创新服务-组件资源,6,1296,"2,900,999,","其他,",天数 GPU Operator,CECLOUD,天数 GPU Operator 使用 Kubernetes 中的 Operator 框架来自动管理预置 GPU 所需的组件。这些组件包括天数驱动程序、适用于 GPU 的 Kubernetes 设备插件、基于 GFD 的自动节点标记以及 GPU 监控。,5.3.0-1617,1,2026-06-05 18:34:09,2026-08-29 05:21:33,2025-04-15 14:16:58,0,0,2,false,,https://dibj.cn/portal/api/common/calling/page?tableCode=COMPONENT_RESOURCE
129,COMPONENT_RESOURCE,创新服务-组件资源,7,1298,"2,900,999,","其他,",NVIDIA Network Operator,NVIDIA,NVIDIA Network Operator,5.3.0-1617,1,2026-06-05 18:34:09,2026-07-08 02:01:01,2025-04-15 14:16:31,0,0,0,false,,https://dibj.cn/portal/api/common/calling/page?tableCode=COMPONENT_RESOURCE
130,COMPONENT_RESOURCE,创新服务-组件资源,8,1297,"2,900,999,","其他,",NVIDIA GPU Operator,CECLOUD,NVIDIA GPU Operator 使用 Kubernetes 中的 Operator 框架来自动管理预置 GPU 所需的所有 NVIDIA 组件。这些组件包括 NVIDIA 驱动程序（用于启用 CUDA）、 适用于 GPU 的 Kubernetes 设备插件、 NVIDIA 容器工具包、 基于 GFD 的自动节点标记、 基于 DCGM 的监控等。,5.3.0-1617,1,2026-06-05 18:34:09,2026-07-08 02:01:01,2025-04-15 14:06:05,0,0,0,false,,https://dibj.cn/portal/api/common/calling/page?tableCode=COMPONENT_RESOURCE
131,COMPONENT_RESOURCE,创新服务-组件资源,75,1290,"2,700,701,","微服务工具与平台,",lightweightdatadevplat,telecom,轻量级数据开发平台是面向数据开发人员提供可视化的流程编排和分布式的调度机制，集成配置，开>发，监控于一体的一站式开发环境，实现在数据仓库建设、大数据迁移、容灾备份，数据要素融合汇聚，数据产品开发加>工，数据服务封装等场景，发现挖掘数据潜在价值，助力企业实现数据”可见、可算、可用“的数字化转型。,3.1.8,1,2026-06-05 18:34:10,2026-07-08 02:01:03,2025-04-08 21:43:44,0,0,0,false,,https://dibj.cn/portal/api/common/calling/page?tableCode=COMPONENT_RESOURCE
132,COMPONENT_RESOURCE,创新服务-组件资源,43,1288,"2,1200,1203,","办公协同,",京通,北京市大数据中心,全市统一公众服务平台，面向个人及法人用户，全面汇聚北京移动端政务、公共服务，实现线上线下联动的一体化统一服务，提供直达个人和企业的移动端服务。,0.1.1,1,2026-06-05 18:34:10,2026-07-08 02:01:02,2025-03-14 19:12:46,0,0,2,false,,https://dibj.cn/portal/api/common/calling/page?tableCode=COMPONENT_RESOURCE
133,COMPONENT_RESOURCE,创新服务-组件资源,22,1294,"2,1200,1206,","身份管理,",一库-自然人统一身份认证系统,北京市大数据中心,系统主要是为接入业务系统提供统一身份认证以及单点登录功能。 系统为微缩部署，主要用来支撑各个业务系统联调测试接口。 ,0.0.1,1,2026-06-05 18:34:09,2026-07-08 02:01:01,2025-03-14 19:03:06,0,0,0,false,https://portal.bjt.beijing.gov.cn,https://dibj.cn/portal/api/common/calling/page?tableCode=COMPONENT_RESOURCE
134,COMPONENT_RESOURCE,创新服务-组件资源,79,1378,"2,600,603,","数据应用与可视化,",北京市政务地理空间共享服务平台,北京市大数据中心,北京市政务地理空间共享服务平台，基于政务外网面向政府部门提供政务电子地图、遥感影像、政务信息图层、地名地址、三维模型等地理空间数据及其功能服务。 ,6.0.0,1,2026-06-05 18:34:10,2026-07-08 02:01:03,2025-03-14 19:02:54,0,0,0,false,http://219.232.219.243,https://dibj.cn/portal/api/common/calling/page?tableCode=COMPONENT_RESOURCE
135,COMPONENT_RESOURCE,创新服务-组件资源,102,1292,"2,600,604,","数据开发与服务,",感知管理服务平台,北京市大数据中心,算法服务，算力服务，算法解析服务,1.0.0,1,2026-06-05 18:34:11,2026-07-08 02:01:03,2025-03-14 19:02:41,0,0,0,false,http://172.25.173.47,https://dibj.cn/portal/api/common/calling/page?tableCode=COMPONENT_RESOURCE
136,COMPONENT_RESOURCE,创新服务-组件资源,45,1289,"2,1200,1203,","办公协同,",京智,北京市大数据中心,工具简介： “京智”即北京市决策应用综合服务平台，由市政务和数据局负责统一搭建共性基础平台能力和决策数据资源池，通过整合接入各级决策服务专题应用、数据资源及业务系统等，统筹面向各级政府部门提供统一入口、权威数源、分级分类的数字决策服务，旨在持续提升各级部门“数治”能力和“数商”水平，牵引实现各级决策“一网慧治”。 工具功能： “京智”统筹搭建“前台应用、中台资源、后台能力”三个部分，即： （1）“前台”打造智慧决策“工作台”，聚焦各级领导工作场景，推动各领域、区域综合性决策服务专题应用建设，依托“京智”聚合全市域场景服务； （2）“中台”搭建统一决策“资源池”，汇聚全市决策数据资源，建立城市运行监测及决策分析指标体系，为各级决策服务专题应用建设提供高效配置和高质供给； （3）“后台”构筑共性基础“能力栈”，依托智慧城市基础设施搭建“京智”数字底座，为各级决策服务专题应用提供技术支撑、运行管理和用户服务等共性能力。 ,1.0.0,1,2026-06-05 18:34:10,2026-07-08 02:01:02,2025-03-14 19:02:28,0,0,0,false,http://172.25.173.22/jznp,https://dibj.cn/portal/api/common/calling/page?tableCode=COMPONENT_RESOURCE
137,COMPONENT_RESOURCE,创新服务-组件资源,44,1287,"2,1200,1203,","办公协同,",京办,北京市大数据中心,京办作为全市基础平台，提供包括即时通讯、协同文档、任务、日程等核心功能，支撑我市四级联动应用，提高政务办公效率。平台部署在政务云环境，仅处理非涉密信息。,2.3.4,1,2026-06-05 18:34:10,2026-07-08 02:01:02,2025-03-14 19:02:01,0,0,0,false,https://jzb.beijing.gov.cn/,https://dibj.cn/portal/api/common/calling/page?tableCode=COMPONENT_RESOURCE
138,COMPONENT_RESOURCE,创新服务-组件资源,21,1286,"2,1200,1206,","身份管理,",一库-法人统一身份认证系统,北京市大数据中心,为业务系统体统统一的登录认证接口,1.0.0,1,2026-06-05 18:34:09,2026-07-08 02:01:01,2025-03-14 19:01:48,0,0,0,false,,https://dibj.cn/portal/api/common/calling/page?tableCode=COMPONENT_RESOURCE
139,COMPONENT_RESOURCE,创新服务-组件资源,82,1284,"2,800,801,","自然语言处理,",大数据平台-数据挖掘工具,北京市大数据中心,提供丰富的统计方法和图形分析，包括：标准差、方差、标准误差、四分位数、偏度、峰度、变异系数、未校正平方和、T统计量、P值、盒形图、直方图、热图、相关性矩阵等。 提供多种无监督和有监督学习算法应用于结构化和非结构化数据，如聚类、主成分分析、线性和非线性回归、逻辑回归、分位数回归、决策树、随机森林、梯度提升、神经网络、支持向量机、因子分解机，并支持利用图论和网络分析算法扩充数据挖掘和机器学习方法，上述数据挖掘与机器学习能力都必须能够通过界面拖拉拽的交互式界面进行模型创建。 ,1.0.0,1,2026-06-05 18:34:11,2026-07-08 02:01:03,2025-03-14 19:01:18,0,0,0,false,https://219.232.219.247:8443/ucbb/static/login,https://dibj.cn/portal/api/common/calling/page?tableCode=COMPONENT_RESOURCE
140,COMPONENT_RESOURCE,创新服务-组件资源,83,1283,"2,800,801,","自然语言处理,",大数据平台-可视化工具,北京市大数据中心,可视化工具是一个集设计、分析、运行于一体的数据可视化设计及展示平台，产品以可视化设计器为核心，提供基于数据可视化展示的多组件配置、拖拽式自定义排版，可零基础设计出各类交互式数据看板、数据大屏、pad等多元化、炫酷的数据可视化页面，直观的展现个性化视角，全方位支持领导决策、各专业领域及业务数据的展示。 ,1.0.0,1,2026-06-05 18:34:11,2026-09-02 16:21:41,2025-03-14 19:01:05,0,0,1,false,http://219.232.219.241:8080/webroot/decision/,https://dibj.cn/portal/api/common/calling/page?tableCode=COMPONENT_RESOURCE
141,COMPONENT_RESOURCE,创新服务-组件资源,23,1276,"2,1200,1206,","身份管理,",一库-电子证照系统,北京市大数据中心,系统主要是为全市各部门业务系统提供电子证照制作、汇聚和共享服务。 系统为微缩部署，主要用来支撑各个业务系统联调测试接口。 ,0.0.1,1,2026-06-05 18:34:09,2026-07-08 02:01:01,2025-03-14 18:59:24,0,0,0,false,,https://dibj.cn/portal/api/common/calling/page?tableCode=COMPONENT_RESOURCE
142,COMPONENT_RESOURCE,创新服务-组件资源,20,1275,"2,1200,1206,","身份管理,",一库-电子签章系统,北京市大数据中心,模拟业务侧的电子签章前置网关，为业务系统提供签章、验章功能,1.0.0,1,2026-06-05 18:34:09,2026-07-08 02:01:01,2025-03-14 18:59:05,0,0,0,false,,https://dibj.cn/portal/api/common/calling/page?tableCode=COMPONENT_RESOURCE
143,COMPONENT_RESOURCE,创新服务-组件资源,103,1272,"2,600,604,","数据开发与服务,",北京城市码服务平台,北京市大数据中心,为全市提供二维码发码和验码的共性服务能力,2.0.0,2,2026-06-05 18:34:11,2026-07-08 02:01:03,2025-03-14 18:58:45,0,0,0,false,https://csm.jxj.beijing.gov.cn,https://dibj.cn/portal/api/common/calling/page?tableCode=COMPONENT_RESOURCE
144,COMPONENT_RESOURCE,创新服务-组件资源,104,1271,"2,600,604,","数据开发与服务,",大数据平台-隐私保护计算工具,北京市大数据中心,BM：业务层组件 WM：算力层组件 ,4.39.0,9,2026-06-05 18:34:11,2026-07-08 02:01:03,2025-03-14 18:57:15,0,0,0,false,,https://dibj.cn/portal/api/common/calling/page?tableCode=COMPONENT_RESOURCE
145,COMPONENT_RESOURCE,创新服务-组件资源,69,1277,"2,100,107,","存储,",edpa,Bitnami,数据治理应用通过统一的数据标准、流程和策略，确保企业数据的准确性、一致性和安全性。它涵盖数据质量管理、元数据管理、主数据管理等功能，帮>助企业提升数据价值，支持合规性要求，优化决策流程，降低运营风险，并推动数据驱动的业务创新。,0.1.0,2,2026-06-05 18:34:10,2026-07-08 02:01:02,2025-03-14 14:47:43,0,0,0,false,,https://dibj.cn/portal/api/common/calling/page?tableCode=COMPONENT_RESOURCE
146,COMPONENT_RESOURCE,创新服务-组件资源,76,1273,"2,700,701,","微服务工具与平台,",dcp,Bitnami,模型开发应用是数据科学和机器学习的核心工具，支持从数据预处理、特征工程到模型训练、评估和部署的全流程。通过可视化界面或代码编程，用户可>快速构建、优化和验证预测模型，提升算法性能，满足业务需求，助力企业实现智能化决策与创新。,1.0.0,1,2026-06-05 18:34:10,2026-07-08 02:01:03,2025-03-14 14:37:18,0,0,0,false,,https://dibj.cn/portal/api/common/calling/page?tableCode=COMPONENT_RESOURCE
147,COMPONENT_RESOURCE,创新服务-组件资源,28,1274,"2,1100,1104,","过程管理,",云码工场(DevSpace),CECLOUD,云码工场（DevSpace）是基于云原生技术自研，专为政府、大型央国企及关键行业客户打造的，具备需求域、开发域、测试域和运营域能力于一体的国产化研发运维一体化平台。,3.3.1,1,2026-06-05 18:34:09,2026-09-02 16:26:24,2025-02-09 10:19:15,0,0,1,false,,https://dibj.cn/portal/api/common/calling/page?tableCode=COMPONENT_RESOURCE
148,COMPONENT_RESOURCE,创新服务-组件资源,9,1304,"2,900,999,","其他,",云原生可观测平台,CECLOUD,"云原生可观测平台是一款端到端的，针对分布式应用服务的监控、跟踪、预警的综合服务。以代码零侵入、全链路跟踪、端到端关联分析、业务监控、根因分析为主要特色，提供海量并发的秒级实时图表监控与告警，为企业构建一套运维管理指标体系，帮助企业运维部门形成高效的工作流，提升日常运维工作的效率, 减轻运维工作对人工和经验的依赖。",5.3.0-1606,1,2026-06-05 18:34:09,2026-07-08 02:01:01,2025-02-08 09:28:41,0,0,1,false,,https://dibj.cn/portal/api/common/calling/page?tableCode=COMPONENT_RESOURCE
149,COMPONENT_RESOURCE,创新服务-组件资源,10,1307,"2,900,999,","其他,",消息服务 Kafka,CECLOUD,消息服务Kafka（Message Queue Kafka）是一个高吞吐、高可用、全托管的消息中间件服务。适用于日志收集、监控数据聚合、流式数据集成等场景，具有大规模、高可用、高并发访问等特性。,5.3.0-1606,1,2026-06-05 18:34:09,2026-08-28 02:35:24,2025-02-08 09:28:08,0,0,19,false,,https://dibj.cn/portal/api/common/calling/page?tableCode=COMPONENT_RESOURCE
150,COMPONENT_RESOURCE,创新服务-组件资源,11,1301,"2,900,999,","其他,",云原生低代码平台 (Codeless),lcp-product-operator,云原生低代码平台是为行业客户、合作伙伴和开发者量身打造的低代码应用开发平台，全栈适配国产化信创环境。通过图形化的用户界面，使用拖拽组件和模型驱动的逻辑创建网页和移动应用程序。同时，云原生低代码平台提供全场景可视化开发能力和端到端部署能力，可快速搭建行业和大型企业级应用并沉淀复用行业资产，加速行业数字化。,5.3.0-1606,1,2026-06-05 18:34:09,2026-07-08 02:01:01,2025-02-08 09:27:36,0,0,0,false,,https://dibj.cn/portal/api/common/calling/page?tableCode=COMPONENT_RESOURCE
151,COMPONENT_RESOURCE,创新服务-组件资源,12,1300,"2,900,999,","其他,",API网关(APIM),CECLOUD,API网关（API Management）为企业和开发者提供的高性能、高可用、高安全的网关服务，融合安全、负载均衡、流量控制、运维等多项能力，并提供API全生命周期管理能力，协助用户轻松完成API设计、API实现、API管理、API消费、API观测，同时通过API中心连接API生产、API开放和API消费，支持应用开发者在API中心快速查找所需API并进行应用开发和集成，端到端从源头到资产实现企业规范化管理，帮助企业持续构建高质量的API服务。,5.3.0-1606,1,2026-06-05 18:34:09,2026-08-31 12:40:34,2025-02-08 09:27:26,0,0,1,false,,https://dibj.cn/portal/api/common/calling/page?tableCode=COMPONENT_RESOURCE
152,COMPONENT_RESOURCE,创新服务-组件资源,13,1308,"2,900,999,","其他,",消息服务 RabbitMQ,CECLOUD,消息服务RabbitMQ是一款具备高并发、分布式、灵活扩缩容的分布式消息产品，兼容开源RabbitMQ，为您提供即开即用、消息特性丰富、灵活路由、高可用、可观测等特性，保证消息系统的稳定运行。,5.3.0-1606,1,2026-06-05 18:34:09,2026-07-08 02:01:01,2025-02-08 09:26:57,0,0,0,false,,https://dibj.cn/portal/api/common/calling/page?tableCode=COMPONENT_RESOURCE
153,COMPONENT_RESOURCE,创新服务-组件资源,14,1309,"2,900,999,","其他,",消息服务 RocketMQ,CECLOUD,Rocketmq是一款低延迟、高性能、高可靠、高吞吐、可动态扩展的分布式消息中间件，广泛应用于分布式系统或组件之间的消息通讯；兼容开源RocketMQ客户端，支持普通、顺序、延迟及定时、事务多种类型消息，且具备消息重投、死信队列、消息查询及便捷全面的运维及观测能力。,5.3.0-1606,1,2026-06-05 18:34:09,2026-07-08 02:01:01,2025-02-08 09:26:38,0,0,0,false,,https://dibj.cn/portal/api/common/calling/page?tableCode=COMPONENT_RESOURCE
154,COMPONENT_RESOURCE,创新服务-组件资源,15,1303,"2,900,999,","其他,",应用与数据集成平台(Connect),CECLOUD,应用与数据集成平台（Connect）聚焦应用与数据连接，提供应用和数据集成能力。通过无代码或低代码的方式，快速搭建系统集成模型，实现各系统间的资源整合、数据编排和传递、业务衔接等功能，满足企业轻量级、全方位、高灵活度的一体化系统集成需求，有效降低了企业系统集成难度并缩短了企业系统集成的周期。集成平台还提供丰富应用管理和运维能力，可视化监控和日志界面进一步帮助用户降低了运维成本，为企业提供开发、调试、发布、运维一体化的集成解决方案，大幅提高实施人员的集成效率、降低集成任务的后期运维成本。,5.3.0-1606,1,2026-06-05 18:34:09,2026-07-08 02:01:01,2025-02-08 09:26:21,0,0,0,false,,https://dibj.cn/portal/api/common/calling/page?tableCode=COMPONENT_RESOURCE
155,COMPONENT_RESOURCE,创新服务-组件资源,16,1305,"2,900,999,","其他,",云原生微服务平台 (CSP),CECLOUD,云原生微服务平台是应用托管和微服务治理一体化PaaS平台，提供应用生命周期管理、服务观测、服务治理、服务网格、分布式事务、分布式任务调度等全栈开发与管理能力。同时支持Spring cloud、Dubbo微服务框架，助力企业客户打造大规模高可用的分布式系统架构，实现业务、产品的快速落地。,5.3.0-1606,1,2026-06-05 18:34:09,2026-07-08 02:01:01,2025-02-08 09:21:50,0,0,0,false,,https://dibj.cn/portal/api/common/calling/page?tableCode=COMPONENT_RESOURCE
156,COMPONENT_RESOURCE,创新服务-组件资源,17,1306,"2,900,999,","其他,",PaaS Framework,中电云计算技术有限公司,PaaS产品的基础运行时框架。适用于CSP、Kafka、RocketMQ、RabbitMQ、COS、CLS、CLCP、Connect、APIM等PaaS产品。,5.3.0-1606,1,2026-06-05 18:34:09,2026-08-04 16:00:47,2025-02-08 09:17:30,0,0,1,false,,https://dibj.cn/portal/api/common/calling/page?tableCode=COMPONENT_RESOURCE
157,COMPONENT_RESOURCE,创新服务-组件资源,18,1302,"2,900,999,","其他,",日志服务 CLS,CECLOUD,日志服务（Log Service）是一站式日志管理平台，支持日志的采集、存储、加工、查询与分析、投递与消费、可视化、告警等多类功能，助力运维管理、日志审计、运营分析等多场景效率提升。,5.3.0-1606,1,2026-06-05 18:34:09,2026-07-08 02:01:01,2025-02-08 09:06:56,0,0,0,false,,https://dibj.cn/portal/api/common/calling/page?tableCode=COMPONENT_RESOURCE
158,COMPONENT_RESOURCE,创新服务-组件资源,1,1269,"2,100,110,","开发测试,",云码工场(DevSpace),CECLOUD,云码工场（DevSpace）是基于云原生技术自研，专为政府、大型央国企及关键行业客户打造的，具备需求域、开发域、测试域和运营域能力于一体的国产化研发运维一体化平台。,5.3.0-1601,1,2026-06-05 18:34:09,2026-08-31 22:11:04,2025-02-07 22:07:13,0,0,19,false,,https://dibj.cn/portal/api/common/calling/page?tableCode=COMPONENT_RESOURCE
159,COMPONENT_RESOURCE,创新服务-组件资源,46,1256,"2,100,103,","Serverless,",云数据库 GreatDB,CECLOUD,云数据库 GreatDB为客户提供简单易用、高性能、高可用、高安全的交易型数据库服务。兼容MySQL协议，架构成熟稳定，适用于各种规模的应用程序和工作负载。它提供了高可用性、弹性伸缩、自动化管理和安全性等功能，使用户能够专注于应用程序的开发和业务需求。,5.3.0-1601,1,2026-06-05 18:34:10,2026-07-09 16:06:16,2025-02-07 21:32:56,0,0,2,false,,https://dibj.cn/portal/api/common/calling/page?tableCode=COMPONENT_RESOURCE
160,COMPONENT_RESOURCE,创新服务-组件资源,47,1311,"2,100,103,","Serverless,",云数据库 PostgreSQL,CECLOUD,"RDS PostgreSQL 提供了完备的高可用云数据库托管服务。PostgreSQL是一个功能丰富的开源关系型数据库管理系统，它具有可扩展性、可靠性和广泛的功能集,为用户提供了更多的差异化功能。",5.3.0-1601,1,2026-06-05 18:34:10,2026-07-08 02:01:02,2025-02-07 21:32:51,0,0,0,false,,https://dibj.cn/portal/api/common/calling/page?tableCode=COMPONENT_RESOURCE
161,COMPONENT_RESOURCE,创新服务-组件资源,48,1310,"2,100,103,","Serverless,",云数据仓库 CeaSQL DW,CECLOUD,云数据仓库 CeaSQL DW 是一款水平扩展MPP架构数据仓库，提供高性能、高可用、高扩展的数据分析服务。简单易用、海量扩展、支持SQL查询和ACID事务，适合处理需要复杂SQL查询和事务处理的大规模数据分析场景，可快速构筑企业在线数据仓库。,5.3.0-1601,1,2026-06-05 18:34:10,2026-07-08 02:01:02,2025-02-07 21:32:20,0,0,0,false,,https://dibj.cn/portal/api/common/calling/page?tableCode=COMPONENT_RESOURCE
162,COMPONENT_RESOURCE,创新服务-组件资源,51,1248,"2,100,103,","Serverless,",云分布式数据库 CeaSQL TX,CECLOUD,云分布式数据库 CeaSQL TX 是一款用于部署、扩展和管理大型 MySQL 实例集群的数据库解决方案。,5.3.0-1601,1,2026-06-05 18:34:10,2026-07-08 02:01:02,2025-02-07 21:32:01,0,0,0,false,,https://dibj.cn/portal/api/common/calling/page?tableCode=COMPONENT_RESOURCE
163,COMPONENT_RESOURCE,创新服务-组件资源,50,1260,"2,100,103,","Serverless,",云数据库 MySQL,CECLOUD,RDS MySQL为客户提供简单易用、高性能、高可用、高安全的交易型数据库服务。基于最受欢迎的开源关系型数据库MySQL内核，架构成熟稳定，适用于各种规模的应用程序和工作负载。它提供了高可用性、弹性伸缩、自动化管理和安全性等功能，使用户能够专注于应用程序的开发和业务需求。,5.3.0-1601,1,2026-06-05 18:34:10,2026-07-08 02:01:02,2025-02-07 21:32:01,0,0,0,false,,https://dibj.cn/portal/api/common/calling/page?tableCode=COMPONENT_RESOURCE
164,COMPONENT_RESOURCE,创新服务-组件资源,49,1267,"2,100,103,","Serverless,",云数据库 Redis,CECLOUD,云数据库 redis 用作数据库、缓存、消息代理和流引擎。Redis 支持多种 value 类型数据结构，例如 字符串、链表、集合、有序集合、带范围查询的有序集合、位图、超级日志、地理空间索引和流。Redis 内置复制、Lua 脚本、LRU 驱逐、事务和不同级别的磁盘持久化，并通过Redis Sentinel和Redis Cluster自动分区提供高可用性。,5.3.0-1601,1,2026-06-05 18:34:10,2026-07-08 02:01:02,2025-02-07 21:32:01,0,0,0,false,,https://dibj.cn/portal/api/common/calling/page?tableCode=COMPONENT_RESOURCE
165,COMPONENT_RESOURCE,创新服务-组件资源,52,1251,"2,100,103,","Serverless,",数据库运维控制台 DBPaaS,"Zhongdian Cloud Computing Technology Co., Ltd",数据库运维控制台 DBPaaS，为数据库产品提供了统一的运维服务，其功能包括资源的监控，告警，产品规格和定价管理，资源管理等。,5.3.0-1601,1,2026-06-05 18:34:10,2026-07-08 02:01:02,2025-02-07 21:31:56,0,0,0,false,,https://dibj.cn/portal/api/common/calling/page?tableCode=COMPONENT_RESOURCE
166,COMPONENT_RESOURCE,创新服务-组件资源,53,1268,"2,100,103,","Serverless,",云数据仓库 CeaSQL CK,CECLOUD,"云数据库CeaSQL CK是一款用于部署、扩展和管理大型Clickhouse实例集群的数据库解决方案, 主要提供实例管理、库表管理、账号管理、配置变更管理、VPC私有网络、实例监控、高可用、备份恢复等功能。",5.3.0-1601,1,2026-06-05 18:34:10,2026-07-08 02:01:02,2025-02-07 21:26:59,0,0,0,false,,https://dibj.cn/portal/api/common/calling/page?tableCode=COMPONENT_RESOURCE
167,COMPONENT_RESOURCE,创新服务-组件资源,54,1250,"2,100,103,","Serverless,",数据库云管(DBOps),CECLOUD,数据库云管为数据库产品提供统一的租户运营控制台，它是数据库产品对外的统一封装界面和统一API接入途径。数据库云管提供全方位的云资源供给、运维和运营管理能力，具备一体化管控、自动化运维、智能化分析及个性化扩展的能力。,5.3.0-1601,1,2026-06-05 18:34:10,2026-07-08 02:01:02,2025-02-07 21:22:45,0,0,0,false,,https://dibj.cn/portal/api/common/calling/page?tableCode=COMPONENT_RESOURCE
168,COMPONENT_RESOURCE,创新服务-组件资源,84,1258,"2,100,109,","大数据,",云大数据服务 CeaInsight HIVE,CECLOUD,"云大数据服务 CeaInsight HIVE 是一款用于部署、扩展和管理Hadoop数仓的大数据云上解决方案, 主要提供数仓管理、配置变更管理、VPC私有网络、高可用等功能。",5.3.0-1601,1,2026-06-05 18:34:11,2026-07-08 02:01:03,2025-02-07 21:10:48,0,0,0,false,,https://dibj.cn/portal/api/common/calling/page?tableCode=COMPONENT_RESOURCE
169,COMPONENT_RESOURCE,创新服务-组件资源,85,1253,"2,100,109,","大数据,",云大数据服务(CIK),CECLOUD,全新构建大数据平台的方式，将开源大数据服务部署在云原生平台之上，利用云原生平台在服务部署和容器应用管理的优势，减少对底层集群资源的运维成本，以便于更加专注大数据任务,5.3.0-1601,1,2026-06-05 18:34:11,2026-08-04 16:05:31,2025-02-07 21:10:43,0,0,1,false,,https://dibj.cn/portal/api/common/calling/page?tableCode=COMPONENT_RESOURCE
170,COMPONENT_RESOURCE,创新服务-组件资源,87,1254,"2,100,109,","大数据,",云检索分析服务(ES),CECLOUD,检索分析服务（ElasticSearch，简称ES）是基于开源搜索引擎ElasticSearch打造的高可用、可伸缩的云端全托管的 ElasticSearch 服务，集成了安全、SQL、告警、监控等高级特性。,5.3.0-1601,1,2026-06-05 18:34:11,2026-07-08 02:01:03,2025-02-07 21:10:24,0,0,0,false,,https://dibj.cn/portal/api/common/calling/page?tableCode=COMPONENT_RESOURCE
171,COMPONENT_RESOURCE,创新服务-组件资源,86,1263,"2,100,109,","大数据,",云大数据服务 CeaInsight SPARK,CECLOUD,云大数据服务 CeaInsight SPARK 是用于大规模数据分析的统一引擎。,5.3.0-1601,1,2026-06-05 18:34:11,2026-07-08 02:01:03,2025-02-07 21:10:24,0,0,0,false,,https://dibj.cn/portal/api/common/calling/page?tableCode=COMPONENT_RESOURCE
172,COMPONENT_RESOURCE,创新服务-组件资源,88,1262,"2,100,109,","大数据,",云大数据服务 CeaInsight RANGER,CECLOUD,云大数据服务 CeaInsight RANGER 是一个Hadoop生态中启用、监控和管理全方位数据安全的框架,5.3.0-1601,1,2026-06-05 18:34:11,2026-07-08 02:01:03,2025-02-07 21:10:13,0,0,0,false,,https://dibj.cn/portal/api/common/calling/page?tableCode=COMPONENT_RESOURCE
173,COMPONENT_RESOURCE,创新服务-组件资源,89,1261,"2,100,109,","大数据,",云大数据服务 CeaInsight OPENLDAP,CECLOUD,云大数据服务 CeaInsight OPENLDAP 是LDAP（轻量目录访问协议，Lightweight Directory Access Protocol）的一个自由和开源的实现。,5.3.0-1601,1,2026-06-05 18:34:11,2026-07-08 02:01:03,2025-02-07 21:10:12,0,0,0,false,,https://dibj.cn/portal/api/common/calling/page?tableCode=COMPONENT_RESOURCE
174,COMPONENT_RESOURCE,创新服务-组件资源,90,1259,"2,100,109,","大数据,",云大数据服务 CeaInsight KERBEROS,CECLOUD,"云大数据服务 CeaInsight KERBEROS 是一款用于云上Hadoop集群的大数据安全解决方案, 它作为一种可信任的第三方认证服务，通过对称加密的方式执行认证服务,为客户端、服务端的应用程序提供强大的、严谨的认证服务。",5.3.0-1601,1,2026-06-05 18:34:11,2026-07-08 02:01:03,2025-02-07 21:09:50,0,0,0,false,,https://dibj.cn/portal/api/common/calling/page?tableCode=COMPONENT_RESOURCE
175,COMPONENT_RESOURCE,创新服务-组件资源,91,1264,"2,100,109,","大数据,",云大数据服务 CeaInsight TRINO,CECLOUD,云大数据服务 CeaInsight TRINO 是一款高性能分布式查询服务。Trino 提供了一种简化、灵活的方法来分析PB级数据，支持多种数据源联邦查询。,5.3.0-1601,1,2026-06-05 18:34:11,2026-07-08 02:01:03,2025-02-07 21:09:49,0,0,0,false,,https://dibj.cn/portal/api/common/calling/page?tableCode=COMPONENT_RESOURCE
176,COMPONENT_RESOURCE,创新服务-组件资源,92,1257,"2,100,109,","大数据,",云大数据服务 CeaInsight HDFS,CECLOUD,"云大数据服务 CeaInsight HDFS 是一款用于部署、扩展和管理大型HDFS实例集群的大数据云上解决方案, 主要提供集群管理、配置变更管理、VPC私有网络、集群监控、高可用等功能。",5.3.0-1601,1,2026-06-05 18:34:11,2026-07-08 02:01:03,2025-02-07 21:09:35,0,0,0,false,,https://dibj.cn/portal/api/common/calling/page?tableCode=COMPONENT_RESOURCE
177,COMPONENT_RESOURCE,创新服务-组件资源,93,1265,"2,100,109,","大数据,",云大数据服务 CeaInsight YARN,CECLOUD,"云大数据服务 CeaInsight YARN 是一款用于部署、扩展和管理大型YARN实例集群的大数据解决方案, 是Hadoop集群的资源管理系统，负责为计算程序提供调度和计算资源。",5.3.0-1601,1,2026-06-05 18:34:11,2026-07-08 02:01:03,2025-02-07 21:05:21,0,0,0,false,,https://dibj.cn/portal/api/common/calling/page?tableCode=COMPONENT_RESOURCE
178,COMPONENT_RESOURCE,创新服务-组件资源,94,1266,"2,100,109,","大数据,",云大数据服务 CeaInsight ZOOKEEPER,CECLOUD,云大数据服务 CeaInsight ZOOKEEPER是一个分布式、高可用性的协调服务,5.3.0-1601,1,2026-06-05 18:34:11,2026-07-08 02:01:03,2025-02-07 21:00:08,0,0,0,false,,https://dibj.cn/portal/api/common/calling/page?tableCode=COMPONENT_RESOURCE
179,COMPONENT_RESOURCE,创新服务-组件资源,95,1255,"2,100,109,","大数据,",云大数据服务 CeaInsight FLINK,CECLOUD,云大数据服务 CeaInsight FLINK 是一个框架和分布式处理引擎，用于对无界和有界数据流进行状态计算。Flink 在各种类型的集群环境中运行，以内存模式和资源可扩展模式执行计算。,5.3.0-1601,1,2026-06-05 18:34:11,2026-07-08 02:01:03,2025-02-07 20:59:43,0,0,0,false,,https://dibj.cn/portal/api/common/calling/page?tableCode=COMPONENT_RESOURCE
180,COMPONENT_RESOURCE,创新服务-组件资源,96,1252,"2,100,109,","大数据,",Flink,CECLOUD,Apache Flink 是一个框架和分布式处理引擎，用于对无界和有界数据流进行状态计算。Flink 在各种类型的集群环境中运行，以内存模式和资源可扩展模式执行计算。,5.3.0-1601,1,2026-06-05 18:34:11,2026-07-08 02:01:03,2025-02-07 18:18:02,0,0,0,false,,https://dibj.cn/portal/api/common/calling/page?tableCode=COMPONENT_RESOURCE
