序号,接口表名,数据类别,id,article_title,article_content,article_content_plain,publish_time,column_name,data_url,create_time,update_time,del_status,favorited,来源接口
1,COMMON_SERVICE,创新服务-共性服务,8,京办,"京办
“ 京办”作为“一网统管”的统一接口，是面向政务工作场景搭建覆盖市、区、街、居四级的统一基础协同办公平台，是加快数字赋能基层治理、实现精治共治法治的重要载体和通道。 ","京办
“ 京办”作为“一网统管”的统一接口，是面向政务工作场景搭建覆盖市、区、街、居四级的统一基础协同办公平台，是加快数字赋能基层治理、实现精治共治法治的重要载体和通道。 ",2026-06-15 00:00:00,京办,https://dibj.cn/fzpt/szzy/gxfw/jb,2026-06-15 19:29:11,2026-06-15 19:35:17,0,false,https://dibj.cn/portal/api/common/calling/page?tableCode=COMMON_SERVICE
2,COMMON_SERVICE,创新服务-共性服务,7,大数据平台,北京市大数据平台，是全市数据资源汇聚共享和开发利用的总通道、总枢纽、总基座，提供管控能力、基础数据和共性组件三类主要能力。,北京市大数据平台，是全市数据资源汇聚共享和开发利用的总通道、总枢纽、总基座，提供管控能力、基础数据和共性组件三类主要能力。,2026-06-15 00:00:00,大数据平台,https://dibj.cn/fzpt/szzy/gxfw/dsjpt,2026-06-15 19:29:09,2026-06-15 19:35:11,0,false,https://dibj.cn/portal/api/common/calling/page?tableCode=COMMON_SERVICE
3,COMMON_SERVICE,创新服务-共性服务,6,京智,“京智”作为全市统一的决策服务和指挥调度“工作台”，是推动实现全市各级决策“一网慧治”的重要共性平台，通过统筹接入整合各级决策服务类应用和数据指标，提供共性基础底座和统一服务入口，实现全市决策服务资源的统筹管理和共建共用，持续提升各级政府部门“数治”能力。,“京智”作为全市统一的决策服务和指挥调度“工作台”，是推动实现全市各级决策“一网慧治”的重要共性平台，通过统筹接入整合各级决策服务类应用和数据指标，提供共性基础底座和统一服务入口，实现全市决策服务资源的统筹管理和共建共用，持续提升各级政府部门“数治”能力。,2026-06-15 00:00:00,京智,https://dibj.cn/fzpt/szzy/gxfw/jz,2026-06-15 19:29:08,2026-06-15 19:35:04,0,false,https://dibj.cn/portal/api/common/calling/page?tableCode=COMMON_SERVICE
4,COMMON_SERVICE,创新服务-共性服务,5,一图,“一图”是全市统一的时空基准底座，是智慧城市的数字空间载体和共性基础设施，是市大数据平台的重要组成部分，汇聚整合全市域基础地理空间信息资,“一图”是全市统一的时空基准底座，是智慧城市的数字空间载体和共性基础设施，是市大数据平台的重要组成部分，汇聚整合全市域基础地理空间信息资,2026-06-15 00:00:00,一图,https://dibj.cn/fzpt/szzy/gxfw/yt,2026-06-15 19:29:06,2026-06-15 19:35:00,0,false,https://dibj.cn/portal/api/common/calling/page?tableCode=COMMON_SERVICE
5,COMMON_SERVICE,创新服务-共性服务,4,一码,城市码服务平台，支撑各部门实体标识上链注册、联接和汇聚，为全市提供标识共享服务；采用注册授权机制开展二维码编码发码管理，提供城市码共性服务。,城市码服务平台，支撑各部门实体标识上链注册、联接和汇聚，为全市提供标识共享服务；采用注册授权机制开展二维码编码发码管理，提供城市码共性服务。,2026-06-15 00:00:00,一码,https://dibj.cn/fzpt/szzy/gxfw/ym,2026-06-15 19:29:05,2026-06-15 19:34:55,0,false,https://dibj.cn/portal/api/common/calling/page?tableCode=COMMON_SERVICE
6,COMMON_SERVICE,创新服务-共性服务,3,一感,"北京市感知管理服务平台作为全市感知体系的运行管理中枢，是全市各级感知设施共享共用、感知数据互联互通、感知算法统一管理、感知算力统一调度的基础共性平台。通过建立健全全市感知资源统一接入、汇通、中转、调度、检索等应用服务体系，实现各类感知终端的统筹管理和规范建设、感知数据的汇集汇通和共享应用、感知算法和算力“云、边、端”统一调度解析、全域感知场景应用的智慧化水平提升，助力城市运行感知神经网络建设，增强城市治理灵敏感知、快速反应、协同处置能力，为城市治理由被动处置向主动发现赋能

","北京市感知管理服务平台作为全市感知体系的运行管理中枢，是全市各级感知设施共享共用、感知数据互联互通、感知算法统一管理、感知算力统一调度的基础共性平台。通过建立健全全市感知资源统一接入、汇通、中转、调度、检索等应用服务体系，实现各类感知终端的统筹管理和规范建设、感知数据的汇集汇通和共享应用、感知算法和算力“云、边、端”统一调度解析、全域感知场景应用的智慧化水平提升，助力城市运行感知神经网络建设，增强城市治理灵敏感知、快速反应、协同处置能力，为城市治理由被动处置向主动发现赋能

",2026-06-15 00:00:00,一感,https://dibj.cn/fzpt/szzy/gxfw/yg,2026-06-15 19:29:03,2026-06-15 19:34:48,0,false,https://dibj.cn/portal/api/common/calling/page?tableCode=COMMON_SERVICE
7,COMMON_SERVICE,创新服务-共性服务,2,一库,共性工具库是北京市智慧城市建设共性基础设施的重要组成部分，为北京市各级政务部门提供政务服务和公共服务所需的共性支撑能力。共性工具库包括统一身份认证系统、电子证照系统、电子签章系统、统一支付系统为各级政务部门、社会公众等服务对象提供专业、便利、安全的共性服务，推进智慧城市建设、为全市政务服务和公共服务提供共性支撑能力。,共性工具库是北京市智慧城市建设共性基础设施的重要组成部分，为北京市各级政务部门提供政务服务和公共服务所需的共性支撑能力。共性工具库包括统一身份认证系统、电子证照系统、电子签章系统、统一支付系统为各级政务部门、社会公众等服务对象提供专业、便利、安全的共性服务，推进智慧城市建设、为全市政务服务和公共服务提供共性支撑能力。,2026-06-15 00:00:00,一库,https://dibj.cn/fzpt/szzy/gxfw/yk,2026-06-15 19:29:01,2026-06-15 19:34:43,0,false,https://dibj.cn/portal/api/common/calling/page?tableCode=COMMON_SERVICE
8,COMMON_SERVICE,创新服务-共性服务,1,京通,"“京通”小程序是全市城市综合服务统一移动端入口，是市民和企业身边的城市服务助手，我市以提升企业群众获得感为目标，全力推进数字政务建设,持续优化政务服务办事体验，推广“京通”小程序应用，用新理念指引、新场景驱动、新数据贯通、新技术支撑、新机制保障，推动市民和企业经常办理的政务服务事项“掌上办、指尖办”，促进更深层次“放”、更高效能“管”、更好体验“服”，不断实现新时代北京数字政务新发展。 ","“京通”小程序是全市城市综合服务统一移动端入口，是市民和企业身边的城市服务助手，我市以提升企业群众获得感为目标，全力推进数字政务建设,持续优化政务服务办事体验，推广“京通”小程序应用，用新理念指引、新场景驱动、新数据贯通、新技术支撑、新机制保障，推动市民和企业经常办理的政务服务事项“掌上办、指尖办”，促进更深层次“放”、更高效能“管”、更好体验“服”，不断实现新时代北京数字政务新发展。 ",2026-06-15 00:00:00,京通,https://dibj.cn/fzpt/szzy/gxfw/jt/,2026-06-15 19:28:57,2026-06-15 19:32:02,0,false,https://dibj.cn/portal/api/common/calling/page?tableCode=COMMON_SERVICE
